순위,제목,저자,가격
1,트렌드 코리아 2023,김난도 외 ·  미래의창   · 2022.10.05 출시,17,100원
2,사랑은 그렇게 하는 것이 아니다,김달 ·  빅피시   · 2022.10.19 출시,14,850원
3,엄마의 말하기 연습(20만부 기념 스페셜 에디션),박재연 ·  한빛라이프   · 2022.10.05 출시,13,320원
4,반짝이는 하루? 그게 오늘이야,레슬리 마샹 외 ·  미디어숲   · 2022.10.20 출시,15,120원
5,하얼빈,김훈 ·  문학동네   · 2022.08.03 출시,14,400원
6,세상에서 가장 쉬운 본질육아,지나영 ·  21세기북스   · 2022.09.28 출시,16,920원
7,아버지의 해방일지,정지아 ·  창비   · 2022.09.02 출시,13,500원
8,불편한 편의점 2,김호연 ·  나무옆의자   · 2022.08.10 출시,12,600원
9,2022 하반기 에듀윌 취업 온라인 SKCT SK그룹 종합역량검사 통합 기본서,에듀윌 취업연구소 ·  에듀윌   · 2022.06.04 출시,20,700원
10,역행자,자청 ·  웅진지식하우스   · 2022.06.03 출시,15,750원
11,잘될 수밖에 없는 너에게,최서영 ·  북로망스   · 2022.08.18 출시,14,400원
12,바자(BAZAAR)(2022년 11월호),허스트중앙 편집부 ·  허스트중앙   · 2022.10.31 출시,12,260원
13,바자(BAZAAR)(2022년 11월호)(B형),허스트중앙 편집부 ·  허스트중앙   · 2022.10.31 출시,12,260원
14,나는 나를 바꾸기로 했다,우즈훙 외 ·  리드리드출판   · 2022.10.12 출시,14,220원
15,불편한 편의점(40만부 기념 벚꽃 에디션),김호연 ·  나무옆의자   · 2021.04.20 출시,12,600원
16,부의 치트키,김성공 ·  토네이도   · 2022.10.19 출시,15,300원
17,2022 하반기 해커스 GSAT 삼성직무적성검사 실전모의고사 8회분(수리논리/추리),해커스 취업교육연구소 ·  챔프스터디   · 2022.07.07 출시,16,110원
18,올리버쌤의 미국식 아이 영어 습관 365,올리버 그랜트 외 ·  브라이트   · 2022.10.06 출시,20,700원
19,마흔에 읽는 니체,장재형 ·  유노북스   · 2022.09.01 출시,14,400원
20,바자(BAZAAR)(2022년 11월호)(C형),허스트중앙 편집부 ·  허스트중앙   · 2022.10.31 출시,12,260원
21,작은 땅의 야수들,김주혜 외 ·  다산책방   · 2022.09.28 출시,16,200원
22,단순한 열정,아니 에르노 외 ·  문학동네   · 2015.03.30 출시,9,000원
23,심리학이 분노에 답하다,충페이충 외 ·  미디어숲   · 2022.09.30 출시,16,020원
24,파친코 2,이민진 외 ·  인플루엔셜   · 2022.08.25 출시,14,220원
25,파친코 1,이민진 외 ·  인플루엔셜   · 2022.08.05 출시,14,220원
26,원씽(The One Thing)(리커버 특별판),게리 켈러 외 ·  비즈니스북스   · 2013.08.30 출시,12,600원
27,이 책은 돈 버는 법에 관한 이야기,고명환 ·  라곰   · 2022.09.19 출시,15,120원
28,그릿(100쇄 기념 리커버 에디션),앤절라 더크워스 외 ·  비즈니스북스   · 2019.02.20 출시,14,400원
29,부자 아빠 가난한 아빠 1(20주년 특별 기념판),로버트 기요사키 외 ·  민음인   · 2018.02.22 출시,14,220원
30,생각이 많아 우울한 걸까? 우울해서 생각이 많은 걸까?,피아 칼리슨 외 ·  필름(Feelm)   · 2022.09.15 출시,13,500원
31,The Scent of PAGE : 디퓨저 200ml,교보문고 ·  교보문고   · 2018.04.26 출시,45,000원
32,SQL 자격검정 실전문제,한국데이터진흥원 ·  한국데이터산업진흥원   · 2021.10.15 출시,17,820원
33,트렌드 코리아 2023,김난도 외 ·  미래의창   · 2022.09.29(종이책 2022년 10월 05일 출시),13,300원
34,이토록 평범한 미래,김연수 ·  문학동네   · 2022.10.07 출시,12,600원
35,퀀트 투자 무작정 따라하기,강환국 ·  길벗   · 2022.10.10 출시,22,500원
36,사람을 얻는 지혜,발타자르 그라시안 외 ·  타커스   · 2016.03.07 출시,12,420원
37,The Scent of PAGE : 룸스프레이 60ml,교보문고 ·  교보문고   · 2020.03.19 출시,19,000원
38,The Scent of PAGE : 디퓨저 리필액 250ml,교보문고 ·  교보문고   · 2018.04.26 출시,24,000원
39,2022 해커스 SKCT SK그룹 종합역량검사 봉투모의고사,해커스 취업교육연구소 ·  챔프스터디   · 2022.06.16 출시,17,010원
40,데일 카네기 인간관계론,데일 카네기 외 ·  현대지성   · 2019.10.07 출시,10,350원
41,돈의 속성(200쇄 리커버에디션),김승호 ·  스노우폭스북스   · 2020.06.15 출시,16,020원
42,데이터는 어떻게 인생의 무기가 되는가,세스 스티븐스 다비도위츠 외 ·  더퀘스트   · 2022.10.05 출시,16,920원
43,혼자서 종이우산을 쓰고 가다,에쿠니 가오리 외 ·  소담출판사   · 2022.09.20 출시,13,320원
44,저스트. 킵. 바잉.,닉 매기울리 외 ·  서삼독   · 2022.09.21 출시,17,820원
45,믹스(Mix),안성은(Brand Boy) ·  더퀘스트   · 2022.08.16 출시,16,920원
46,너의 이름을 사랑이라 부른다,소강석 ·  시선사   · 2022.09.28 출시,8,100원
47,해외설교(올랜도),박윤식 외 ·  휘선   · 2022.10.11 출시,18,000원
48,오십의 주역공부,김동완 ·  다산초당   · 2022.05.11 출시,16,200원
49,세상의 마지막 기차역,무라세 다케시 외 ·  모모   · 2022.05.09 출시,12,600원
50,해커스 GSAT 삼성직무적성검사 Final 봉투모의고사 4회분,해커스 취업교육연구소 ·  챔프스터디   · 2022.08.11 출시,13,410원
51,2022 큰별쌤 최태성의 별별한국사 기출 500제 한국사능력검정시험 심화,최태성 ·  이투스북   · 2022.07.15 출시,17,550원
52,하버드대생 공부법은 당신과 다르다,류쉬안 외 ·  다연   · 2022.09.09 출시,15,300원
53,해커스 토익 기출보카 TOEIC VOCA(토익보카) 단어장,David Cho ·  해커스어학연구소   · 2022.03.14 출시,11,610원
54,ETS 토익 정기시험 기출문제집 1000 Vol 3 LISTENING(리스닝),ETS ·  YBM   · 2021.12.13 출시,16,020원
55,세상이 궁금해서 일찍 나왔니?,이철 ·  예미   · 2022.10.20 출시,14,400원
56,헤어질 결심 스토리보드북,박찬욱 (감독) 외 ·  을유문화사   · 2022.10.20 출시,29,700원
57,부의 추월차선(10주년 스페셜 에디션),엠제이 드마코 외 ·  토트   · 2022.02.04 출시,15,750원
58,ETS 토익 정기시험 기출문제집 1000 Vol 3 READING(리딩),ETS ·  YBM   · 2021.12.13 출시,16,020원
59,나는 당신이 행복했으면 좋겠습니다,박찬위 ·  하이스트   · 2021.11.25 출시,12,420원
60,최소한의 이웃,허지웅 ·  김영사   · 2022.08.22 출시,14,220원
61,기분을 관리하면 인생이 관리된다,김다슬 ·  클라우디아   · 2022.04.12 출시,15,840원
62,2022 큰별쌤 최태성의 별별한국사 한국사능력검정시험 심화(1? 2? 3급)(상),최태성 ·  이투스북   · 2021.12.09 출시,13,500원
63,EBS 만점마무리 봉투모의고사 국어영역 3회분(2022)(2023 수능대비),EBS교육방송 편집부 ·  EBS한국교육방송공사   · 2022.07.10 출시,7,650원
64,심리학이 조조에게 말하다 1,천위안 외 ·  리드리드출판   · 2022.11.10 출시,16,020원
65,엉뚱소심 유령 탐정단 1: 도서관 유령 소동,도리 힐레스타드 버틀러 외 ·  한빛에듀   · 2022.10.14 출시,11,700원
66,2022 큰별쌤 최태성의 별별한국사 한국사능력검정시험 심화(1? 2? 3급)(하),최태성 ·  이투스북   · 2021.12.09 출시,13,050원
67,EBS 만점마무리 봉투모의고사 영어영역 3회분(2022)(2023 수능대비),EBS교육방송 편집부 ·  EBS한국교육방송공사   · 2022.07.10 출시,7,200원
68,타이탄의 도구들(블랙 에디션),팀 페리스 외 ·  토네이도   · 2022.06.20 출시,16,200원
69,이기적 유전자(40주년 기념판),리처드 도킨스 외 ·  을유문화사   · 2018.10.20 출시,18,000원
70,4영리에 대하여 들어 보셨습니까(소책자),편집부 ·  한국대학생선교회   · 2013.03.08 출시,140원
71,빠르게 실패하기,존 크럼볼츠 외 ·  스노우폭스북스   · 2022.08.31 출시,14,850원
72,거의 모든 행동 표현의 영어,서영조 ·  사람in   · 2022.03.10 출시,14,400원
73,아주 작은 습관의 힘,제임스 클리어 외 ·  비즈니스북스   · 2019.02.26 출시,14,400원
74,방구석 뮤지컬,이서희 ·  리텍콘텐츠   · 2022.10.17 출시,14,850원
75,나의 투자는 새벽 4시에 시작된다,유목민 ·  리더스북   · 2022.04.15 출시,17,820원
76,10배의 법칙,그랜트 카돈 외 ·  부키   · 2022.03.30 출시,15,120원
77,위로의 미술관,진병관 ·  빅피시   · 2022.08.31 출시,16,920원
78,2022 하반기 All-New SKCT SK그룹 온라인 최신기출유형+모의고사 5회+무료SK특강,SD적성검사연구소 ·  시대고시기획   · 2022.07.01(종이책 2022년 08월 10일 출시),15,400원
79,언어를 디자인하라,유영만 외 ·  쌤앤파커스   · 2022.08.31 출시,15,300원
80,클루지,개리 마커스 외 ·  갤리온   · 2008.11.24 출시,12,420원
81,EBS 고난도 시크릿X 봉투모의고사 영어영역(2022)(2023 수능 대비),EBS교육방송 편집부 ·  EBS한국교육방송공사   · 2022.09.03 출시,8,550원
82,나는 오래된 거리처럼 너를 사랑하고,진은영 ·  문학과지성사   · 2022.08.31 출시,10,800원
83,어서 오세요? 이야기 수학 클럽에,김민형 ·  인플루엔셜   · 2022.08.29 출시,14,400원
84,EBS Final 실전모의고사 고등 영어영역(2022)(2023 수능대비),EBS교육방송 편집부 ·  EBS한국교육방송공사   · 2022.04.21 출시,9,900원
85,어서 오세요? 휴남동 서점입니다 (여름 숲 에디션),황보름 ·  클레이하우스   · 2022.01.17 출시,13,500원
86,두레문학(2022년 하반기 제32호),두레문학 편집부 ·  두레문학   · 2022.10.12 출시,9,500원
87,그리고 행복하다는 소식을 들었습니다,이병률 ·  달   · 2022.09.13 출시,14,220원
88,예쁘게 말하는 네가 좋다,김범준 ·  포레스트북스   · 2022.08.08 출시,14,220원
89,가녀장의 시대,이슬아 ·  이야기장수   · 2022.10.07 출시,13,500원
90,기도수첩(Remnant)(2022년 11월호),생명 편집부 ·  생명   · 2022.10.07 출시,4,750원
91,흔한남매의 흔한 호기심 7,안치현 외 ·  미래엔아이세움   · 2022.10.12 출시,12,600원
92,우리는 어디서 살아야 하는가,김시덕 ·  포레스트북스   · 2022.07.20 출시,16,200원
93,2022 해커스 GSAT 삼성직무적성검사 통합 기본서 최신기출유형+실전모의고사,해커스 취업교육연구소 ·  챔프스터디   · 2022.01.03 출시,20,610원
94,외사랑,히가시노 게이고 외 ·  소미미디어   · 2022.09.27 출시,16,020원
95,어떻게 말해줘야 할까(60만 부 기념 한정판 리커버),오은영 외 ·  김영사   · 2022.07.20 출시,15,750원
96,2022 하반기 에듀윌 취업 온라인 GSAT 삼성직무적성검사 실전 봉투모의고사 10회,에듀윌 취업연구소 ·  에듀윌   · 2022.08.19 출시,16,200원
97,작별인사(밤하늘 에디션),김영하 ·  복복서가   · 2022.05.02 출시,12,600원
98,오싹오싹 크레용!,에런 레이놀즈 외 ·  토토북   · 2022.08.23 출시,11,700원
99,진짜 쓰는 실무 엑셀,오빠두(전진권) ·  제이펍   · 2022.02.15 출시,18,900원
100,마이클 모부신 운과 실력의 성공 방정식,마이클 모부신 외 ·  에프엔미디어   · 2019.09.20 출시,16,200원
101,교보문고 시그니처 독서대(월넛),교보문고 ·  교보문고   · 2022.08.01 출시,58,500원
102,부의 인문학(20만부 기념 개정증보판),우석 ·  오픈마인드   · 2022.03.21 출시,15,300원
103,좋은 불평등,최병천 ·  메디치미디어   · 2022.09.01 출시,19,800원
104,혼자 공부하는 파이썬,윤인성 ·  한빛미디어   · 2022.06.01 출시,19,800원
105,아몬드(100만 부 기념 특별판),손원평 ·  창비   · 2022.05.12 출시,10,800원
106,EBS Final 실전모의고사 고등 국어영역(2022)(2023 수능대비),EBS교육방송 편집부 ·  EBS한국교육방송공사   · 2022.04.21 출시,9,900원
107,쎈 중등 수학 2-2(2022),홍범준 외 ·  좋은책신사고   · 2022.01.20 출시,14,400원
108,나는 나의 밤을 떠나지 않는다,아니 에르노 외 ·  열림원   · 2021.07.20 출시,10,800원
109,엄마의 말 연습,윤지영 ·  카시오페아   · 2022.09.22 출시,15,750원
110,대발이는 벚꽃을 좋아해,안도현 ·  봄이아트북스   · 2022.07.25 출시,10,800원
111,변화하는 세계 질서,레이 달리오 외 ·  한빛비즈   · 2022.06.01 출시,34,200원
112,2022 ADsP 데이터 분석 준전문가,윤종식 ·  데이터에듀   · 2022.01.28 출시,25,200원
113,365 부모 말하기 연습 일력,박재연 외 ·  한빛라이프   · 2021.12.01 출시,16,200원
114,마지막 몰입: 나를 넘어서는 힘,짐 퀵 외 ·  비즈니스북스   · 2021.02.23 출시,15,120원
115,문장과 순간,박웅현 ·  인티N   · 2022.09.26 출시,16,200원
116,설민석의 한국사 대모험 22,설민석 외 ·  단꿈아이   · 2022.08.29 출시,11,700원
117,역설계,론 프리드먼 외 ·  어크로스   · 2022.09.13 출시,16,020원
118,다이어트 사이언스(2022),최겸 ·  린체인저스   · 2022.03.23 출시,19,800원
119,2022 에듀윌 취업 SKCT SK그룹 종합역량검사 통합 기본서 최신기출유형+실전ㆍ직무모의고사 5회,에듀윌 취업연구소 ·  에듀윌   · 2022.01.02 출시,20,700원
120,데일 카네기 자기관리론(1948년 초판 완역본),데일 카네기 외 ·  현대지성   · 2021.01.13 출시,10,350원
121,부자의 그릇,이즈미 마사토 외 ·  다산북스   · 2020.12.14 출시,13,500원
122,EBS 만점마무리 봉투모의고사 Red Edition(2022)(2023 수능 대비),EBS교육방송 편집부 ·  EBS한국교육방송공사   · 2022.09.03 출시,13,050원
123,테라피스트,B. A. 패리스 외 ·  모모   · 2021.12.06 출시,14,400원
124,2023 써니 행정법총론 기출문제집,박준철 ·  에스티유니타스   · 2022.10.17 출시,37,800원
125,우리의 정원,김지현 ·  사계절   · 2022.09.22 출시,10,800원
126,물고기는 존재하지 않는다,룰루 밀러 외 ·  곰출판   · 2021.12.17 출시,15,300원
127,돈? 뜨겁게 사랑하고 차갑게 다루어라,앙드레 코스톨라니 외 ·  미래의창   · 2015.09.30 출시,10,800원
128,능률 VOCA 어원편,NE능률 영어교육연구소 ·  NE능률   · 2021.08.05 출시,13,500원
129,순례 주택,유은실 ·  비룡소   · 2021.03.05 출시,11,700원
130,긴긴밤,루리 외 ·  문학동네   · 2021.02.03 출시,10,350원
131,EBS 만점마무리 봉투모의고사 수학영역 3회분(2022)(2023 수능대비),EBS교육방송 편집부 ·  EBS한국교육방송공사   · 2022.07.10 출시,7,200원
132,백년허리 2: 치료편,정선근 ·  언탱글링   · 2021.05.13 출시,16,650원
133,단순한 열정,최정수 외 ·  문학동네   · 2016.12.12(종이책 2015년 03월 30일 출시),7,000원
134,무조건 수익 내는 실전 부동산 경매,나땅(이소라) ·  길벗   · 2022.09.25 출시,18,000원
135,벌거벗은 한국사: 인물편,tvN STORY 〈벌거벗은 한국사〉 제작팀 외 ·  프런트페이지   · 2022.08.22 출시,16,920원
136,오은영의 화해,오은영 ·  코리아닷컴   · 2019.01.10 출시,14,400원
137,마음세탁소,황웅근 ·  정신세계사   · 2013.05.03 출시,13,500원
138,오투 중등 과학 3-2(2022),비상교육 편집부 ·  비상교육   · 2022.02.04 출시,15,750원
139,다정한 것이 살아남는다,브라이언 헤어 외 ·  디플롯   · 2021.07.26 출시,19,800원
140,하얼빈,김훈 ·  문학동네   · 2022.08.03(종이책 2022년 08월 03일 출시),11,200원
141,컬러의 방,폴 심프슨 외 ·  윌북   · 2022.10.24 출시,19,800원
142,사로잡는 얼굴들,이사 레슈코 외 ·  가망서사   · 2022.09.30 출시,25,200원
143,참 괜찮은 태도,박지현 ·  메이븐   · 2022.09.30 출시,15,120원
144,내 일로 건너가는 법,김민철 ·  위즈덤하우스   · 2022.09.28 출시,15,120원
145,수학은 어떻게 문명을 만들었는가,마이클 브룩스 외 ·  브론스테인   · 2022.09.21 출시,19,800원
146,EBS 만점마무리 봉투모의고사 사회탐구영역 생활과 윤리 5회분(2022)(2023 수능대비),EBS교육방송 편집부 ·  EBS한국교육방송공사   · 2022.07.10 출시,5,400원
147,EBS 만점마무리 봉투모의고사 사회탐구영역 사회 문화 5회분(2022)(2023 수능대비),EBS교육방송 편집부 ·  EBS한국교육방송공사   · 2022.07.10 출시,5,400원
148,월급쟁이 부자로 은퇴하라(10만 부 돌파 기념 증보판),너나위 ·  알에이치코리아   · 2022.06.20 출시,17,820원
149,EBS 수능완성 영어영역 영어(2022)(2023 수능대비),EBS교육방송 편집부 ·  EBS한국교육방송공사   · 2022.05.23 출시,9,630원
150,2022 해커스 파생상품투자권유자문인력 최종핵심정리문제집+실전모의고사 2회분,민영기 외 ·  해커스금융   · 2022.04.21 출시,24,210원
151,오십에 읽는 논어(교보문고 특별판 리커버),최종엽 ·  유노북스   · 2021.11.03 출시,14,400원
152,삐뽀삐뽀 119 이유식,하정훈 ·  유니책방   · 2017.12.01 출시,17,010원
153,침묵의 봄,레이첼 카슨 외 ·  에코리브르   · 2011.12.30 출시,16,200원
154,레버리지,롭 무어 외 ·  다산북스   · 2019.06.03 출시,14,400원
155,흔한남매 수수께끼 어드벤처 1,노지영 외 ·  미래엔아이세움   · 2022.09.15 출시,12,600원
156,세월,아니 에르노 외 ·  1984BOOKS   · 2022.05.15 출시,13,950원
157,누구에게도 상처받을 필요는 없다,지민석 ·  스튜디오오드리   · 2022.04.08 출시,12,600원
158,EBS 수능특강 영어영역 영어(2022)(2023 수능대비),EBS교육방송 편집부 ·  EBS한국교육방송공사   · 2022.01.17 출시,8,100원
159,세계미래보고서 2023,박영숙 외 ·  비즈니스북스   · 2022.10.11 출시,16,200원
160,마지막 이야기 전달자,도나 바르바 이게라 외 ·  위즈덤하우스   · 2022.10.05 출시,16,200원
161,한국 교회 트렌드 2023,지용근 외 ·  규장   · 2022.09.15 출시,18,000원
162,다니엘 핑크 후회의 재발견,다니엘 핑크 외 ·  한국경제신문   · 2022.09.15 출시,16,200원
163,어느 날? 내 죽음에 네가 들어왔다,세이카 료겐 외 ·  모모   · 2022.05.09 출시,13,500원
164,오늘 밤? 세계에서 이 사랑이 사라진다 해도,이치조 미사키 외 ·  모모   · 2021.06.28 출시,12,600원
165,지리의 힘,팀 마샬 외 ·  사이   · 2016.08.10 출시,15,300원
166,예비 매3비 매일 지문 3개씩 푸는 비문학 독서 기출,안인숙 ·  키출판사   · 2022.06.29 출시,14,400원
167,사피엔스,유발 하라리 외 ·  김영사   · 2015.11.24 출시,19,800원
168,계절의 위로,서은 ·  지식인하우스   · 2022.08.17 출시,13,950원
169,뇌? 욕망의 비밀을 풀다,한스 게오르크 호이젤 외 ·  비즈니스북스   · 2019.10.04 출시,16,200원
170,김승옥문학상 수상작품집(2022),편혜영 외 ·  문학동네   · 2022.09.30 출시,9,000원
171,2022 단기 합격 해커스공기업 NCS 통합 기본서 직업기초능력평가+직무수행능력평가,윤종혁 외 ·  해커스공기업   · 2022.01.05 출시,20,610원
172,100발100중 중등 영어 3-2 기말고사 기출문제집(동아 윤정미)(2022),에듀원 편집부 ·  에듀원   · 2021.08.24 출시,12,600원
173,스틱,칩 히스 외 ·  엘도라도   · 2009.08.03 출시,13,500원
174,MAXIDENT [GO VER] [한정반],STRAY KIDS(스트레이 키즈) ·  JYP엔터테인먼트   · 2022.10.07 출시,16,300원
175,꽃을 보듯 너를 본다,나태주 ·  지혜   · 2020.11.30 출시,9,000원
176,2022 하반기 All-New 기출이 답이다 SKCT SK그룹 온라인 종합역량검사+무료SK특강,SD적성검사연구소 ·  시대고시기획   · 2022.08.08(종이책 2022년 08월 25일 출시),12,600원
177,2022 하반기 렛유인 GSAT 삼성직무적성검사 Final 봉투모의고사,정지성 외 ·  렛유인   · 2022.09.20 출시,14,400원
178,신인류가 몰려온다,이시형 ·  특별한서재   · 2022.09.16 출시,14,400원
179,EBS 고난도 시크릿X 봉투모의고사 국어영역(2022)(2023 수능 대비),EBS교육방송 편집부 ·  EBS한국교육방송공사   · 2022.09.03 출시,8,820원
180,흔한남매 11,백난도 외 ·  미래엔아이세움   · 2022.07.28 출시,13,050원
181,인플레이션에서 살아남기,오건영 ·  페이지2북스   · 2022.05.23 출시,16,920원
182,한국보훈복지의료공단 보훈병원 필기시험 실력평가 모의고사,간호사시험연구소 ·  서원각   · 2022.05.13 출시,18,900원
183,큰별쌤 최태성의 별별한국사 7일의 기적 한국사능력검정시험 심화(1? 2? 3급),최태성 ·  이투스북   · 2022.04.08 출시,13,950원
184,쎈 중등 수학 3-2(2022),홍범준 외 ·  좋은책신사고   · 2022.02.07 출시,13,950원
185,매3비 매일 지문 3개씩 푸는 비문학 독서 수능 기출(2022)(2023 수능대비),안인숙 ·  키출판사   · 2021.12.07 출시,15,300원
186,이어령의 마지막 수업,김지수 외 ·  열림원   · 2021.10.28 출시,14,850원
187,당신의 뇌는 최적화를 원한다,가바사와 시온 외 ·  쌤앤파커스   · 2018.05.25 출시,13,500원
188,욕망의 진화,데이비드 버스 외 ·  사이언스북스   · 2013.12.26 출시,19,800원
189,중학영문법 3800제 1학년(2023),마더텅 편집부 ·  마더텅   · 2022.09.13 출시,12,510원
190,아홉 살 마음 사전,박성우 외 ·  창비   · 2017.03.10 출시,9,900원
191,Wonder 영화 <원더> 원작 소설 미국판,R. J. Palacio ·  Random House USA Inc   · 2014.06.01 출시,6,400원
192,장사의 신,우노 다카시 외 ·  쌤앤파커스   · 2012.09.27 출시,12,600원
193,내가 알고 있는 걸 당신도 알게 된다면(리커버 에디션),칼 필레머 외 ·  토네이도   · 2022.09.13 출시,15,300원
194,대한민국 부동산 부의 역사,이상우 외 ·  포레스트북스   · 2022.10.11 출시,19,800원
195,눈물 한 방울,이어령 ·  김영사   · 2022.06.30 출시,14,220원
196,천일문 기본 Basic 1001 Sentences,김기훈 외 ·  쎄듀   · 2021.10.18 출시,17,100원
197,백년허리 1: 진단편,정선근 ·  언탱글링   · 2021.04.15 출시,16,650원
198,아버지의 해방일지,정지아 ·  창비   · 2022.09.08(종이책 2022년 09월 02일 출시),12,000원
199,부자 아빠 가난한 아빠. 1(20주년 특별 기념판),안진환 외 ·  민음인   · 2018.03.20(종이책 2018년 02월 22일 출시),11,000원
200,ADHD 우리 아이 어떻게 키워야 할까,신윤미 ·  웅진지식하우스   · 2022.09.22 출시,16,200원
201,어린이를 위한 역사의 쓸모 2: 고려 시대 - 조선 전기,최태성 외 ·  다산어린이   · 2022.09.21 출시,13,500원
202,2022 하반기 고시넷 NCS 지역농협 6급 오픈봉투모의고사,고시넷 NCS 연구소 ·  고시넷   · 2022.09.05 출시,19,800원
203,어린이를 위한 역사의 쓸모 1: 선사시대~남북국 시대,최태성 외 ·  다산어린이   · 2022.08.17 출시,13,500원
204,EBS 만점마무리 봉투모의고사 한국사영역 5회분(2022)(2023 수능대비),EBS교육방송 편집부 ·  EBS한국교육방송공사   · 2022.07.10 출시,5,400원
205,멘탈을 바꿔야 인생이 바뀐다,박세니 ·  마인드셋(Mindset)   · 2022.04.30 출시,14,220원
206,해커스 OPIc 오픽 START Intermediate 공략,해커스 오픽연구소 ·  해커스   · 2021.08.23 출시,14,310원
207,소크라테스 익스프레스,에릭 와이너 외 ·  어크로스   · 2021.04.28 출시,16,200원
208,달러구트 꿈 백화점(레인보우 에디션),이미예 ·  팩토리나인   · 2020.07.08 출시,12,420원
209,정리하는 뇌,대니얼 J. 레비틴 외 ·  와이즈베리   · 2015.06.22 출시,19,800원
210,인간 실격,다자이 오사무 외 ·  민음사   · 2012.04.10 출시,8,100원
211,The Scent of PAGE : 차량용 방향제,교보문고 ·  교보문고   · 2021.12.16 출시,36,000원
212,위라클(WERACLE),박위 ·  토기장이   · 2022.09.05 출시,13,500원
213,한반도에 지저스 웨이브가 온다,김성욱 ·  세이지   · 2022.09.07 출시,16,200원
214,미움받을 용기,기시미 이치로 외 ·  인플루엔셜   · 2014.11.17 출시,13,410원
215,코스모스,칼 세이건 외 ·  사이언스북스   · 2010.01.20 출시,17,910원
216,이것은 작은 브랜드를 위한 책,이근상 ·  몽스북   · 2021.12.24 출시,14,220원
217,사건,아니 에르노 외 ·  민음사   · 2019.11.01 출시,9,720원
218,미술관에 간 바이올리니스트,이수민 외 ·  크레타   · 2022.10.25 출시,16,200원
219,매거진 B(Magazine B) No.91: Hawaii(한글판),매거진 B 편집부 ·  비미디어컴퍼니 주식회사(제이오에이치)   · 2022.10.11 출시,19,000원
220,예민한 아이를 위한 부모 수업,일레인 N. 아론 외 ·  웅진지식하우스   · 2022.10.11 출시,16,200원
221,미술관을 빌려드립니다: 프랑스,이창용 ·  더블북   · 2022.10.05 출시,17,550원
222,운명을 바꾸는 부동산 투자 수업(11만 부 기념 바이블 에디션),부동산읽어주는남자(정태익) ·  리더스북   · 2022.09.30 출시,27,000원
223,위대한 과학 고전 30권을 1권으로 읽는 책,김성근 ·  빅피시   · 2022.09.28 출시,16,020원
224,해커스 국민건강보험공단 NCS+법률 봉투모의고사 5+4회,해커스 취업교육연구소 ·  해커스공기업   · 2022.09.01 출시,13,410원
225,대출의 마법,김은진 ·  다산북스   · 2022.08.26 출시,18,000원
226,2022 하반기 에듀윌 공기업 국민건강보험공단 NCS+법률 봉투모의고사 4+3회+법률 100제,에듀윌 취업연구소 ·  에듀윌   · 2022.08.22 출시,15,750원
227,헤어질 결심 각본,정서경 외 ·  을유문화사   · 2022.08.05 출시,13,500원
228,2022 해커스 투자자산운용사 최종핵심정리문제집+실전모의고사 3회분,백영 외 ·  해커스금융   · 2022.04.21 출시,30,510원
229,마음의 법칙,폴커 키츠 외 ·  포레스트북스   · 2022.02.10 출시,14,400원
230,오투 중등 과학 2-2(2022),비상교육 편집부 ·  비상교육   · 2022.02.04 출시,16,650원
231,세계를 건너 너에게 갈게,이꽃님 ·  문학동네   · 2021.09.24 출시,10,350원
232,마법에서 과학으로: 자석과 스핀트로닉스,김갑진 ·  이음   · 2021.09.08 출시,16,200원
233,돈의 심리학(10만 부 돌파 기념 골드 에디션),모건 하우절 외 ·  인플루엔셜   · 2021.01.13 출시,17,820원
234,서찰을 전하는 아이,한윤섭 외 ·  푸른숲주니어   · 2011.10.31 출시,10,800원
235,총 균 쇠,재레드 다이아몬드 외 ·  문학사상   · 2005.12.19 출시,25,200원
236,넛지(파이널 에디션),리처드 탈러 외 ·  리더스북   · 2022.06.20 출시,19,800원
237,백년운동,정선근 ·  아티잔   · 2019.10.31 출시,17,550원
238,중학영문법 3800제 2학년(2023),마더텅 편집부 ·  마더텅   · 2022.09.13 출시,13,410원
239,데미안,헤르만 헤세 외 ·  민음사   · 2009.01.20 출시,7,200원
240,2023 부산광역시교육청 교육공무직원 소양평가 인성검사 3회+실전모의고사 7회+면접+무료공무직특강,SD적성검사연구소 ·  시대고시기획   · 2023.01.05 출시,19,800원
241,빈 옷장,아니 에르노 외 ·  1984BOOKS   · 2022.10.15 출시,13,050원
242,올드패션 베이킹북,이수정 ·  책밥   · 2022.10.05 출시,25,200원
243,오버로드 15: 하프엘프 신인(상),마루야마 쿠가네 외 ·  영상출판미디어(영상노트)   · 2022.09.27 출시,10,800원
244,책과 우연들,김초엽 ·  열림원   · 2022.09.23 출시,14,400원
245,딥 타임,크리스티앙 클로 외 ·  웨일북(whalebooks)   · 2022.09.20 출시,15,300원
246,초역 니체의 말,프리드리히 니체 외 ·  삼호미디어   · 2022.08.29 출시,14,220원
247,재수사 1,장강명 ·  은행나무   · 2022.08.22 출시,14,400원
248,오늘 밤? 세계에서 이 눈물이 사라진다 해도,이치조 미사키 외 ·  모모   · 2022.07.28 출시,12,600원
249,계속 가보겠습니다,임은정 ·  메디치미디어   · 2022.07.22 출시,16,200원
250,튜브,손원평 ·  창비   · 2022.07.22 출시,13,500원
251,바로 쓰는 영어,셀리 ·  넥서스   · 2022.07.20 출시,16,200원
252,2023 해커스공무원 신민숙 쉬운국어 어법 필기노트(9급 공무원? 7급 공무원),신민숙 ·  해커스공무원   · 2022.07.04 출시,13,950원
253,비상식적 성공 법칙,간다 마사노리 외 ·  생각지도   · 2022.06.30 출시,15,300원
254,EBS Final 실전모의고사 고등 수학영역(2022)(2023 수능대비),EBS교육방송 편집부 ·  EBS한국교육방송공사   · 2022.04.21 출시,9,900원
255,해커스 토익 RC 리딩(Reading) 토익 기본서,David Cho ·  해커스어학연구소   · 2022.01.10 출시,16,920원
256,해커스 보카(Hackers Vocabulary),David Cho ·  해커스어학연구소   · 2021.12.13 출시,15,210원
257,지구 끝의 온실(여름 에디션),김초엽 ·  자이언트북스   · 2021.08.18 출시,13,500원
258,한끝 중등 역사 2-2(2023),비상교육 편집부 ·  비상교육   · 2021.05.01 출시,11,700원
259,최상위 수학 초등 5-2(2022),디딤돌 편집부 ·  디딤돌   · 2019.12.24 출시,13,500원
260,숲 속에서,마리 홀 에츠 외 ·  시공주니어   · 2018.09.20 출시,8,550원
261,삶의 격,페터 비에리 외 ·  은행나무   · 2014.10.29 출시,14,400원
262,시크릿,론다 번 외 ·  살림Biz   · 2007.06.18 출시,12,420원
263,2ND MINI ALBUM [ANTIFRAGILE] [WEVERSE ALBUMS VER],LE SSERAFIM(르세라핌) ·  YG PLUS   · 2022.10.17 출시,10,100원
264,몬스터 차일드,이재문 외 ·  사계절   · 2021.09.10 출시,10,800원
265,체리새우: 비밀글입니다,황영미 ·  문학동네   · 2019.01.28 출시,10,350원
266,개념원리 고등 수학(상)(2022),이홍섭 ·  개념원리   · 2022.06.28 출시,16,200원
267,위풍당당 여우 꼬리 3: 핼러윈과 어둠 숨바꼭질,손원평 외 ·  창비   · 2022.09.23 출시,11,700원
268,소설 보다: 가을 2022,김기태 외 ·  문학과지성사   · 2022.09.16 출시,3,150원
269,반도체 애널리스트의 리서치 습관,김경민 ·  좋은습관연구소   · 2022.09.05 출시,15,300원
270,재수사 2,장강명 ·  은행나무   · 2022.08.22 출시,14,400원
271,디딤돌 초등수학 기본+응용 5-1(2023),디딤돌 편집부 ·  디딤돌   · 2022.08.05 출시,14,400원
272,EEA: English for Everyday Activities(한글판),Lawrence J. Zwier ·  웅진컴퍼스   · 2020.12.17 출시,12,600원
273,그리스도인의 확신,네비게이토 편집부 ·  네비게이토   · 2009.03.20 출시,3,600원
274,세상에서 가장 쉬운 본질육아,지나영 ·  21세기북스   · 2022.09.28(종이책 2022년 09월 28일 출시),15,040원
275,마흔에 읽는 니체,장재형 ·  유노북스   · 2022.09.06(종이책 2022년 09월 01일 출시),13,000원
276,원씽(The One Thing)(리커버 특별판),구세희 외 ·  비즈니스북스   · 2013.08.21(종이책 2013년 08월 30일 출시),10,000원
277,사람을 얻는 지혜,발타자르 그라시안 외 ·  타커스   · 2016.03.03(종이책 2016년 03월 07일 출시),7,590원
278,사랑받는 막내는 처음이라. 1,미래나비 ·  에이블   · 2022.10.06 출시,3,500원
279,구궐황도. 4,구중탑 ·  엠젯패밀리   · 2022.10.05 출시,2,900원
280,구궐황도. 2,구중탑 ·  엠젯패밀리   · 2022.10.05 출시,2,900원
281,구궐황도. 3,구중탑 ·  엠젯패밀리   · 2022.10.05 출시,2,900원
282,영원한 계약 43화 (42화), 앤드비   · 2021.11.29 출시,600원
283,슬픔이 택배로 왔다,정호승 ·  창비   · 2022.09.23 출시,9,900원
284,부동산 경매로 1년 만에 꼬마빌딩주 되다,김상준 ·  매일경제신문사   · 2022.09.19 출시,16,200원
285,이해원 모의고사 시즌3(2022)(2023 수능대비),이해원 ·  시대인재북스   · 2022.09.14 출시,17,100원
286,리얼 교토: 고베 나라(2022~2023),황성민 외 ·  한빛라이프   · 2022.09.05 출시,16,200원
287,EBS 고난도 시크릿X 봉투모의고사 수학영역(2022)(2023 수능 대비),EBS교육방송 편집부 ·  EBS한국교육방송공사   · 2022.09.03 출시,8,820원
288,2023 황변과 함께하는 로스쿨면접 Q (1?2?3) 세트,황정현 외 ·  법률저널   · 2022.08.25 출시,56,700원
289,채사장의 지대넓얕 4: 보이지 않는 손,채사장 외 ·  돌핀북   · 2022.08.20 출시,13,500원
290,나의 아름다운 할머니,심윤경 ·  사계절   · 2022.08.19 출시,11,700원
291,푸른 사자 와니니 4: 작은 코뿔소 파투,이현 외 ·  창비   · 2022.08.19 출시,10,800원
292,벌거벗은 세계사: 전쟁편,tvn<벌거벗은세계사>제작팀 ·  교보문고   · 2022.07.27 출시,20,700원
293,패턴국어 중학문학 현대시,류대곤 외 ·  알앤비   · 2022.06.30 출시,14,400원
294,세계사를 바꾼 커피 이야기,우스이 류이치로 외 ·  사람과나무사이   · 2022.06.17 출시,16,200원
295,28시간에 끝내는 토익스피킹 스타트,황인기 외 ·  시원스쿨닷컴   · 2022.06.02 출시,16,110원
296,EBS 수능완성 국어영역 독서·문학·화법과 작문(2022)(2023 수능대비),EBS교육방송 편집부 ·  EBS한국교육방송공사   · 2022.05.23 출시,9,630원
297,내가 틀릴 수도 있습니다,비욘 나티코 린데블라드 외 ·  다산초당   · 2022.04.18 출시,14,400원
298,2022 해커스 NCS 지역농협 6급 통합 기본서 인적성 및 직무능력평가,해커스 취업교육연구소 ·  해커스공기업   · 2022.03.31 출시,23,310원
299,큰별쌤 최태성의 별별한국사 시대별 기출문제집 한국사능력검정시험 심화(1?2?3급),최태성 ·  이투스북   · 2022.02.17 출시,16,200원
300,경제기사 궁금증 300문 300답(2022),곽해선 ·  혜다   · 2021.11.30 출시,19,800원
301,아이주도 이유식 유아식 매뉴얼 세트,BLW 연구소 외 ·  아퍼블리싱   · 2021.08.31 출시,21,150원
302,발타자르 그라시안의 인생 수업,발타자르 그라시안 외 ·  메이트북스   · 2020.03.16 출시,13,500원
303,영어 회화의 결정적 단어들,서영조 ·  사람in   · 2020.03.06 출시,13,500원
304,푸른 사자 와니니,이현 외 ·  창비   · 2019.01.29 출시,9,720원
305,경제지표 정독법,김영익 ·  한스미디어   · 2022.08.25 출시,16,650원
306,알밤 소풍,김지안 외 ·  재능교육   · 2017.10.23 출시,9,000원
307,그림의 힘(프레더릭 레이턴 리커버 에디션),김선현 ·  세계사   · 2022.06.16 출시,17,820원
308,왜 리더인가,이나모리 가즈오 외 ·  다산북스   · 2021.05.12 출시,14,400원
309,고등 어법끝 Start,김기훈 외 ·  쎄듀   · 2020.09.21 출시,14,400원
310,마법천자문 54: 처음으로 찾아내다! 발견,유대영 외 ·  아울북   · 2022.08.29 출시,12,600원
311,문재인의 위로 필사,문재인 외 ·  더휴먼   · 2022.08.15 출시,15,750원
312,남자의 자리,아니 에르노 외 ·  1984BOOKS   · 2022.05.15 출시,10,800원
313,훌훌,문경민 ·  문학동네   · 2022.02.07 출시,11,250원
314,쎈 중등 수학 2-1(2022),홍범준 외 ·  좋은책신사고   · 2021.07.01 출시,14,400원
315,Clean Code(클린 코드),로버트 C. 마틴 외 ·  인사이트   · 2013.12.24 출시,29,700원
316,호밀밭의 파수꾼,제롬 데이비드 샐린저 외 ·  민음사   · 2009.01.20 출시,7,200원
317,불편한 편의점,김호연 ·  나무옆의자   · 2021.05.03(종이책 2021년 04월 20일 출시),9,800원
318,구궐황도. 11,구중탑 ·  엠젯패밀리   · 2022.10.05 출시,2,900원
319,구궐황도. 5,구중탑 ·  엠젯패밀리   · 2022.10.05 출시,2,900원
320,새벽의 연화. 37,MIZUHO KUSANAGI ·  학산문화사   · 2022.10.04 출시,2,500원
321,스파이 패밀리 74화 (67-2화), 학산문화사/DCW   · 2019.10.23 출시,500원
322,그림의 힘 2,김선현 ·  세계사   · 2022.10.11 출시,17,820원
323,어린이 과학동아(2022년 10월15일자)(20호),동아사이언스 편집부 ·  동아사이언스   · 2022.10.06 출시,10,450원
324,현재 삶으로 돌아오다,임순희 ·  침묵의향기   · 2022.10.05 출시,11,700원
325,52주의 뜨개 양말,레인(Laine) 외 ·  한스미디어   · 2022.09.29 출시,26,820원
326,비탈릭 부테린 지분증명,비탈릭 부테린 외 ·  여의도책방   · 2022.09.27 출시,19,800원
327,베이킹은 과학이다: 제빵편,카지하라 요시하루 외 ·  터닝포인트   · 2022.09.26 출시,23,400원
328,근육운동 100가지 기본,길브로(정봉길) ·  좋은날들   · 2022.09.26 출시,19,800원
329,헌법의 자리,박한철 ·  김영사   · 2022.09.26 출시,16,020원
330,그리스 로마 신화 30: 기나긴 모험 그 끝의 이야기,박시연 외 ·  아울북   · 2022.09.14 출시,13,500원
331,디딤돌 초등수학 기본+응용 6-1(2023),디딤돌 편집부 ·  디딤돌   · 2022.08.05 출시,14,400원
332,난중일기,이순신 외 ·  스타북스   · 2022.07.27 출시,13,500원
333,왜 파타고니아는 맥주를 팔까,신현암 외 ·  흐름출판   · 2022.07.22 출시,15,750원
334,예비 매3문 매일 지문 3개씩 푸는 문학 기출,안인숙 ·  키출판사   · 2022.07.13 출시,14,400원
335,2023 해커스공무원 신민숙 쉬운국어 문학 비문학 필기노트,신민숙 ·  해커스공무원   · 2022.07.07 출시,13,950원
336,개념원리 RPM 고등 수학(상)(2022),이홍섭 ·  개념원리   · 2022.06.28 출시,14,400원
337,EBS 수능완성 과학탐구영역 지구과학1(2022)(2023 수능대비),EBS교육방송 편집부 ·  EBS한국교육방송공사   · 2022.05.23 출시,5,850원
338,2022 수제비 정보처리기사 실기 FINAL 실전 모의고사,NCS 정보처리기술사 연구회 ·  건기원   · 2022.03.10 출시,23,400원
339,패턴국어 중학문법: 심화편,류대곤 외 ·  알앤비   · 2022.02.28 출시,14,400원
340,똑게육아,로리(김준희) ·  북로스트   · 2022.02.24 출시,19,980원
341,라이트쎈 중등 수학 1-1(2022),홍범준 외 ·  좋은책신사고   · 2022.02.23 출시,14,850원
342,벌거벗은 세계사: 사건편,tvn<벌거벗은세계사>제작팀 ·  교보문고   · 2022.01.25 출시,20,700원
343,나는 장사의 신이다,은현장 ·  떠오름(RISE)   · 2021.12.20 출시,15,120원
344,흔한남매 9,백난도 외 ·  미래엔아이세움   · 2021.12.09 출시,12,150원
345,디딤돌 초등 수학 응용 5-2(2022),디딤돌 편집부 ·  디딤돌   · 2021.11.24 출시,13,500원
346,쎈 고등 수학(하)(2022),홍범준 외 ·  좋은책신사고   · 2021.09.01 출시,13,950원
347,해커스 OPIc 오픽 Advanced 공략,해커스 오픽연구소 ·  해커스   · 2021.08.13 출시,14,310원
348,월가의 영웅,피터 린치 외 ·  국일증권경제연구소   · 2021.07.30 출시,23,400원
349,미드나잇 라이브러리(1주년 스페셜 에디션),매트 헤이그 외 ·  인플루엔셜   · 2021.04.28 출시,14,220원
350,토익 단기공략 750+(LC+RC),ETS ·  YBM   · 2020.08.20 출시,16,200원
351,엄마 나는 자라고 있어요,헤티 판 더 레이트 외 ·  북폴리오   · 2019.11.15 출시,19,800원
352,EBS 윤혜정의 나비효과 입문편(2022),윤혜정 ·  EBS한국교육방송공사   · 2019.11.10 출시,13,500원
353,유럽 도시 기행 1,유시민 ·  생각의길   · 2019.07.09 출시,14,850원
354,부끄러움,아니 에르노 외 ·  비채   · 2019.04.22 출시,11,250원
355,경매 권리분석 이렇게 쉬웠어?,박희철(파이팅팔콘) 외 ·  지혜로   · 2019.01.15 출시,16,200원
356,튼이 이유식,정주희 ·  서사원   · 2019.01.03 출시,19,800원
357,오싹오싹 팬티!,에런 레이놀즈 외 ·  토토북   · 2018.07.02 출시,11,700원
358,ETS 토익 기출 VOCA 출제기관 공식수험서,ETS ·  YBM   · 2018.06.05 출시,11,610원
359,채근담 필사노트,홍자성 외 ·  시사패스   · 2017.11.20 출시,4,500원
360,송사무장의 부동산 경매의 기술,송희창 ·  지혜로   · 2017.04.25 출시,14,400원
361,Give and Take(기브앤테이크),애덤 그랜트 외 ·  생각연구소   · 2013.06.07 출시,15,750원
362,기억 전달자,로이스 로리 외 ·  비룡소   · 2007.05.18 출시,10,800원
363,순전한 기독교,C. S. 루이스 외 ·  홍성사   · 2018.12.17 출시,12,600원
364,신기한 맛 도깨비식당 1,김용세 외 ·  꿈터   · 2022.05.20 출시,11,700원
365,When You Trap a Tiger (2021 Newbery Winner) 2021 뉴베리 수상작? < 호랑이를 덫에 가두면 > 원서,Tae Keller ·  Random House USA Inc   · 2020.01.28 출시,6,700원
366,채사장의 지대넓얕 3: 폭력의 시대,채사장 외 ·  돌핀북   · 2022.04.30 출시,13,500원
367,싱글맘 부동산 경매로 홀로서기,이선미 외 ·  지혜로   · 2020.03.20 출시,14,400원
368,지적 대화를 위한 넓고 얕은 지식: 제로 편,채사장 ·  웨일북(whalebooks)   · 2019.12.24 출시,17,820원
369,도시인의 월든,박혜윤 ·  다산북스   · 2022.09.21 출시,15,120원
370,5년 후 나에게 Q&A a Day(2022 오리지널),포터 스타일 외 ·  토네이도   · 2022.05.11 출시,15,120원
371,어른의 문답법(리커버 스페셜 에디션),피터 버고지언 외 ·  윌북   · 2022.03.03 출시,15,120원
372,쎈 중등 수학 1-2(2022),홍범준 외 ·  좋은책신사고   · 2022.02.07 출시,14,400원
373,맨발로 걸어라: 돈이 안 들고 부작용이 없는 최고의 자연치유요법,박동창 ·  국일미디어   · 2021.07.24 출시,15,300원
374,포켓몬 한글쓰기 100일 마스터,예림당 편집부 ·  예림당   · 2020.08.15 출시,8,000원
375,낙엽 스낵,백유연 외 ·  웅진주니어   · 2019.10.14 출시,10,800원
376,유럽 도시 기행 2,유시민 ·  생각의길   · 2022.07.09 출시,15,750원
377,원피스 102: 천왕산,Eiichiro Oda ·  대원씨아이   · 2022.06.30 출시,4,950원
378,마더텅 수능기출문제집 영어 독해(2022)(2023 대비),마더텅 편집부 ·  마더텅   · 2021.12.13 출시,17,910원
379,해커스 토익 실전 1200제 RC Reading 리딩,해커스어학연구소 ·  해커스어학연구소   · 2021.11.15 출시,16,110원
380,밝은 밤,최은영 ·  문학동네   · 2021.07.27 출시,13,050원
381,생각하라 그리고 부자가 되어라,나폴레온 힐 외 ·  반니   · 2021.01.05 출시,16,200원
382,파친코 2,이민진 외 ·  인플루엔셜   · 2022.09.05(종이책 2022년 08월 25일 출시),12,500원
383,그릿(100쇄 기념 리커버 에디션),김미정 외 ·  비즈니스북스   · 2019.02.15(종이책 2019년 02월 20일 출시),11,200원
384,구궐황도. 9,구중탑 ·  엠젯패밀리   · 2022.10.05 출시,2,900원
385,소꿉친구의 장난 - 한뼘 로맨스 컬렉션 491,JJYARONG ·  젤리빈   · 2022.10.05 출시,1,000원
386,불순한 스캔들. 외전,리버 진 ·  피앙세   · 2022.09.29 출시,1,000원
387,디지털 트렌드 2023,김지혜 ·  책들의정원   · 2022.10.26 출시,15,750원
388,된다! 실무 엑셀 파워포인트 워드&한글,한정희 외 ·  이지스퍼블리싱   · 2022.10.12 출시,27,000원
389,라이프 트렌드 2023,김용섭 ·  부키   · 2022.10.12 출시,16,200원
390,오늘 좀 그대가 보고 싶네요,전경섭 ·  메이킹북스   · 2022.10.06 출시,12,150원
391,커픽처스 커피 레시피 101,김현석 ·  비타북스   · 2022.09.30 출시,18,000원
392,이해찬 회고록,이해찬 ·  돌베개   · 2022.09.21 출시,20,700원
393,설민석의 세계사 대모험 14,설민석 외 ·  단꿈아이   · 2022.09.15 출시,11,700원
394,원펀맨(One Punch Man) 26,One 외 ·  대원씨아이   · 2022.09.09 출시,4,950원
395,게으른 완벽주의자를 위한 심리학,헤이든 핀치 외 ·  시크릿하우스   · 2022.08.30 출시,15,300원
396,당신에게 좋은 소식을 전해줄게요,권글(권혁탁) ·  떠오름(RISE)   · 2022.08.29 출시,13,680원
397,푸른 사자 와니니 5: 초원의 바람,이현 외 ·  창비   · 2022.08.19 출시,10,800원
398,2022 하반기 All-New SKCT SK그룹 온라인 최신기출유형+모의고사 5회+무료SK특강,SD적성검사연구소 ·  시대고시기획   · 2022.08.10 출시,19,800원
399,세계시민이 된 실험경제반 아이들,김나영 외 ·  리틀에이   · 2022.07.20 출시,15,120원
400,건강의 뇌과학,제임스 굿윈 외 ·  현대지성   · 2022.07.12 출시,17,910원
401,ETS 토익 단기공략 850+(LC+RC),ETS ·  YBM   · 2022.06.30 출시,17,550원
402,에듀윌 공기업 행과연형(행동과학연구소) NCS 봉투모의고사 4회,에듀윌 취업연구소 ·  에듀윌   · 2022.05.27 출시,15,300원
403,최재천의 공부,최재천 외 ·  김영사   · 2022.05.18 출시,14,850원
404,EBS Final 실전모의고사 고등 사회탐구영역 생활과 윤리(2022)(2023 수능대비),EBS교육방송 편집부 ·  EBS한국교육방송공사   · 2022.04.21 출시,5,850원
405,EBS Final 실전모의고사 고등 사회탐구영역 사회ㆍ문화(2022)(2023 수능대비),EBS교육방송 편집부 ·  EBS한국교육방송공사   · 2022.04.21 출시,5,850원
406,최강의 실험경제반 아이들,김나영 외 ·  리틀에이   · 2022.04.20 출시,14,850원
407,에이든 국내여행 가이드북(2022-2023),이정기 외 ·  타블라라사   · 2022.04.01 출시,16,920원
408,도파민네이션,애나 렘키 외 ·  흐름출판   · 2022.03.21 출시,16,200원
409,보도 섀퍼의 이기는 습관,보도 섀퍼 외 ·  토네이도   · 2022.03.18 출시,15,300원
410,카사노바 호텔,아니 에르노 외 ·  문학동네   · 2022.03.18 출시,12,150원
411,쎈 초등 수학 3-2(2022),홍범준 외 ·  좋은책신사고   · 2022.03.01 출시,14,850원
412,벌거벗은 세계사: 인물편,tvn<벌거벗은세계사>제작팀 ·  교보문고   · 2022.02.10 출시,20,700원
413,픽사 스토리텔링,매튜 룬 외 ·  현대지성   · 2022.01.21 출시,13,500원
414,해커스 일본어 첫걸음: 기초20일 독학 완성!,해커스 일본어연구소 ·  해커스어학연구소   · 2022.01.17 출시,12,510원
415,EBS 수능특강 국어영역 독서(2022)(2023 수능대비),EBS교육방송 편집부 ·  EBS한국교육방송공사   · 2022.01.17 출시,8,190원
416,2022 혼잡(JOB) 농협은행 6급(5급 공통) 기출분석+실전모의고사 3회분,혼Job취업연구소 ·  커리어빅   · 2022.01.12 출시,20,700원
417,마더텅 수능기출 모의고사 30회 영어 영역(2022)(2023 수능대비),마더텅 편집부 ·  마더텅   · 2022.01.12 출시,16,110원
418,Grammar Inside(그래머 인사이드) Level 1,NE능률 영어교육연구소 ·  NE능률   · 2022.01.05 출시,13,950원
419,한 권으로 끝내는 해커스 토익 700+ (LC+RC+VOCA),해커스 어학연구소 ·  해커스어학연구소   · 2022.01.03 출시,17,820원
420,윤혜정의 개념의 나비효과 수능국어개념(2022)(2023 수능대비),EBS교육방송 편집부 ·  EBS한국교육방송공사   · 2021.12.23 출시,14,400원
421,매3문: 매일 지문 3개씩 푸는 문학 수능 기출(2022)(2023 대비),안인숙 ·  키출판사   · 2021.12.22 출시,15,300원
422,마더텅 수능기출문제집 국어 언어와 매체(2022)(2023 대비),마더텅 편집부 ·  마더텅   · 2021.12.13 출시,13,410원
423,마더텅 수능기출문제집 고등 영어 듣기(2022)(2023 대비),마더텅 편집부 ·  마더텅   · 2021.12.13 출시,13,410원
424,영어 필사 100일의 기적,퍼포먼스 코치 리아 ·  넥서스   · 2021.11.10 출시,13,500원
425,달러구트 꿈 백화점 2(레인보우 에디션),이미예 ·  팩토리나인   · 2021.07.27 출시,12,420원
426,쎈 중등 수학 1-1(2022),홍범준 외 ·  좋은책신사고   · 2021.07.09 출시,14,400원
427,왜 일하는가,이나모리 가즈오 외 ·  다산북스   · 2021.04.12 출시,14,400원
428,화성에서 온 남자 금성에서 온 여자,존 그레이 외 ·  동녘라이프   · 2021.03.25 출시,15,120원
429,Do it! HTML+CSS+자바스크립트 웹 표준의 정석,고경희 ·  이지스퍼블리싱   · 2021.01.22 출시,27,000원
430,공정하다는 착각,마이클 샌델 외 ·  와이즈베리   · 2020.12.01 출시,16,200원
431,일품 중등 수학 3(하) 359제(2022),편집부 외 ·  좋은책신사고   · 2020.10.01 출시,10,800원
432,최상위 수학 초등 6-2(2022),디딤돌 편집부 ·  디딤돌   · 2019.11.22 출시,13,500원
433,가재가 노래하는 곳,델리아 오언스 외 ·  살림   · 2019.06.21 출시,14,400원
434,나는 소망한다 내게 금지된 것을,양귀자 ·  쓰다   · 2019.04.20 출시,13,500원
435,삐뽀삐뽀 119 소아과,하정훈 외 ·  유니책방   · 2016.07.15 출시,26,820원
436,부자 아빠의 투자 가이드,로버트 기요사키 외 ·  민음인   · 2014.09.29 출시,14,850원
437,동호문답,이이 외 ·  아카넷   · 2014.09.25 출시,16,200원
438,Charlotte's Web (Newbery Honor Book? 1953) <샬롯의 거미줄> 원서? 미국판,E. B. White 외 ·  HarperTrophy   · 2012.04.10 출시,5,650원
439,개념원리 고등 수학(하)(2022),이홍섭 ·  개념원리   · 2022.06.28 출시,14,400원
440,절세 상식사전(2022),유종오 ·  길벗   · 2022.05.10 출시,16,200원
441,채식주의자,한강 ·  창비   · 2022.03.28 출시,13,500원
442,만복이네 떡집,김리리 외 ·  비룡소   · 2022.03.09 출시,9,900원
443,파이썬과 40개의 작품들,장문철 ·  앤써북   · 2022.02.28 출시,16,920원
444,채사장의 지대넓얕 2: 자본이라는 신,채사장 외 ·  돌핀북   · 2022.01.12 출시,12,600원
445,가짜 모범생,손현주 ·  특별한서재   · 2021.10.15 출시,10,800원
446,채사장의 지대넓얕 1: 권력의 탄생,채사장 외 ·  돌핀북   · 2021.09.29 출시,12,600원
447,마플 시너지 고등 수학(하)(2022),마플 편집부 ·  마플   · 2018.05.31 출시,18,000원
448,불순한 스캔들. 1,리버 진 ·  피앙세   · 2022.07.15 출시,3,400원
449,그 가이드가 집착광공의 품에서 벗어나는 방법. 7(완결),야생꽃 ·  비욘드   · 2022.09.19 출시,3,300원
450,EBS 만점왕 초등 수학 1-2(2022),EBS교육방송 편집부 ·  EBS한국교육방송공사   · 2022.05.09 출시,10,800원
451,디지털 트랜스포메이션,오상진 ·  교보문고   · 2020.12.07 출시,14,400원
452,아홉살 인생,위기철 ·  현북스   · 2020.05.11 출시,10,800원
453,나는 팀장답게 일하고 있는가,윤영철 ·  보랏빛소   · 2018.08.13 출시,13,050원
454,신경 청소 혁명,구도 치아키 외 ·  비타북스   · 2017.07.05 출시,12,600원
455,The Scent of PAGE : 종이방향제,교보문고 ·  교보문고   · 2018.04.26 출시,4,000원
456,잘 파는 사람은 이렇게 팝니다,황현진 ·  비즈니스북스   · 2022.10.18 출시,15,120원
457,매일매일 행복해,프란체스카 피로네 외 ·  피카주니어(FIKA JUNIOR)   · 2022.08.16 출시,12,600원
458,읽으면서 바로 써먹는 어린이 수수께끼: 공포 특급,한날 외 ·  파란정원   · 2022.07.25 출시,11,700원
459,너무 잘하려고 애쓰지 마라,나태주 ·  열림원   · 2022.05.31 출시,12,600원
460,개념원리 중학 수학 1-2(2022),이홍섭 ·  개념원리   · 2022.04.05 출시,15,300원
461,쎈 초등 수학 4-2(2022),홍범준 외 ·  좋은책신사고   · 2022.03.01 출시,14,850원
462,2022 해커스 무역영어 1급 4주 완성 이론+기출+모의고사 11회분,진민규 외 ·  해커스금융   · 2022.02.24 출시,25,920원
463,파친코 1,이민진 외 ·  인플루엔셜   · 2022.09.05(종이책 2022년 08월 05일 출시),12,500원
464,역행자,자청 ·  웅진지식하우스   · 2022.05.30(종이책 2022년 05월 30일 출시),12,300원
465,그 가이드가 집착광공의 품에서 벗어나는 방법. 2,야생꽃 ·  비욘드   · 2022.09.19 출시,3,000원
466,구궐황도. 7,구중탑 ·  엠젯패밀리   · 2022.10.05 출시,2,900원
467,구궐황도. 10,구중탑 ·  엠젯패밀리   · 2022.10.05 출시,2,900원
468,법련 10월호(2022년),화광신문사 출판국 법련부編 ·  화광신문사   · 2022.09.23 출시,1,500원
469,황태녀의 기사,박유화 ·  젤리빈   · 2022.10.06 출시,1,000원
470,클라우드 머니,브렛 스콧 외 ·  쌤앤파커스   · 2022.10.20 출시,17,100원
471,사진의 용도,아니 에르노 외 ·  1984BOOKS   · 2022.10.15 출시,12,600원
472,엉뚱소심 유령 탐정단 2: 다락방 유령 사건,도리 힐레스타드 버틀러 외 ·  한빛에듀   · 2022.10.14 출시,11,700원
473,반도체 삼국지,권석준 ·  뿌리와이파리   · 2022.10.12 출시,18,000원
474,오늘도 쓰담쓰담,임윤정 외 ·  상상출판   · 2022.10.12 출시,13,950원
475,우리는 모두 생존자입니다,허심양 ·  한겨레출판사   · 2022.10.11 출시,14,400원
476,브랜드 기획자의 시선,양봄내음 외 ·  유엑스리뷰(UX REVIEW)   · 2022.10.03 출시,20,700원
477,더 위험한 미래가 온다,김영익 외 ·  한스미디어   · 2022.09.29 출시,17,100원
478,워드마스터 중등 실력,박혜란 외 ·  이투스북   · 2022.09.29 출시,12,150원
479,의사 어벤저스 9: 피부 질환? 부드럽게 화해하라!,고희정 외 ·  가나출판사   · 2022.09.26 출시,12,150원
480,넘버스 스틱!,칩 히스 외 ·  웅진지식하우스   · 2022.09.23 출시,15,300원
481,조정민의 답답답,조정민 ·  두란노서원   · 2022.09.21 출시,13,500원
482,아틀라스 한국사,한국교원대학교 역사교육과 교수진 ·  사계절   · 2022.09.16 출시,32,400원
483,High Top(하이탑) 중학교 과학3(2023),배미정 외 ·  동아출판   · 2022.09.15 출시,22,950원
484,쓰면 쓸수록 돈이 모이는 가계부(2023),안선우 ·  카시오페아   · 2022.09.15 출시,11,200원
485,2022 투자자산운용사 한권으로 끝내기 ver 8.0,유창호 ·  시대고시기획   · 2022.09.05 출시,30,600원
486,이것이 금융논술이다 7.0: 금융기관? 금융공기업편,김정환 ·  성안당   · 2022.08.25 출시,22,500원
487,2022 All-New NH농협은행 5급 필기전형 최신기출유형+모의고사 6회+무료NCS특강,SD적성검사연구소 ·  시대고시기획   · 2022.08.20 출시,23,400원
488,2022 해커스 20대기업 인적성 최신기출유형+실전문제 통합 기본서,해커스 취업교육연구소 ·  챔프스터디   · 2022.08.01 출시,20,610원
489,임신 출산 육아 대백과(2022~2023),삼성출판사 편집부 ·  삼성출판사   · 2022.07.31 출시,17,550원
490,2023 해커스 김종수 로스쿨 면접 200주제: 기본편+심화편+기출해설&자소서편,김종수 ·  해커스로스쿨   · 2022.07.29 출시,59,400원
491,2023 해커스공무원 이중석 맵핑 한국사 올인원 블랭크노트,이중석 ·  해커스공무원   · 2022.07.05 출시,15,300원
492,영어 감정 표현 사전,Sam Norris 외 ·  길벗이지톡   · 2022.06.30 출시,24,300원
493,EBS 만점왕 초등 수학 3-2(2022),EBS교육방송 편집부 ·  EBS한국교육방송공사   · 2022.06.18 출시,11,700원
494,EBS 수능완성 국어영역 독서·문학·언어와 매체(2022)(2023 수능대비),EBS교육방송 편집부 ·  EBS한국교육방송공사   · 2022.05.23 출시,9,630원
495,흔한남매 10,백난도 외 ·  미래엔아이세움   · 2022.04.28 출시,12,150원
496,체크체크 교과서편 국어 중 3-2(천재 박영목)(2022),천재교육 편집부 ·  천재교육   · 2022.04.22 출시,16,650원
497,당신은 결국 무엇이든 해내는 사람,김상현 ·  필름(Feelm)   · 2022.04.20 출시,13,500원
498,지극히 사적인 네팔,수잔 샤키야 외 ·  틈새책방   · 2022.03.21 출시,14,670원
499,집착,아니 에르노 외 ·  문학동네   · 2022.03.18 출시,9,900원
500,2022 고시넷 NCS 지역농협 6급 기본서 인적성 및 직무능력평가,고시넷 NCS 연구소 ·  고시넷   · 2022.02.10 출시,25,200원
501,늙는다는 착각,엘렌 랭어 외 ·  유노북스   · 2022.02.04 출시,15,300원
502,오백 년째 열다섯,김혜정 ·  위즈덤하우스   · 2022.01.28 출시,11,250원
503,EBS 수능특강 국어영역 문학(2022)(2023 수능대비),EBS교육방송 편집부 ·  EBS한국교육방송공사   · 2022.01.17 출시,8,190원
504,해커스 토익 LC 리스닝(Listening) 토익 기본서,David Cho ·  해커스어학연구소   · 2022.01.10 출시,16,920원
505,강성태 66일 영어회화,강성태 ·  다산북스   · 2021.12.24 출시,15,300원
506,마더텅 수능기출문제집 국어 독서(2022)(2023 대비),마더텅 편집부 ·  마더텅   · 2021.12.13 출시,16,110원
507,마더텅 수능기출문제집 국어 문학(2022)(2023 수능대비),마더텅 편집부 ·  마더텅   · 2021.12.10 출시,17,910원
508,쎈 초등 수학 5-2(2022),홍범준 외 ·  좋은책신사고   · 2021.12.07 출시,14,850원
509,자이스토리 영어 독해 기본(2022),수경출판사 편집부 ·  수경출판사   · 2021.11.10 출시,15,750원
510,쎈 고등 수학1(2022),홍범준 외 ·  좋은책신사고   · 2021.11.09 출시,14,400원
511,모든 것은 기본에서 시작한다,손웅정 ·  수오서재   · 2021.10.15 출시,14,400원
512,해커스 토익 실전 1000제 1 LC Listening(리스닝) 문제집,해커스 어학연구소 ·  해커스어학연구소   · 2021.08.02 출시,10,710원
513,잘했고 잘하고 있고 잘 될 것이다(20만 부 기념 개정판),정영욱 ·  부크럼   · 2021.05.14 출시,13,500원
514,엔드 오브 타임,브라이언 그린 외 ·  와이즈베리   · 2021.02.15 출시,19,800원
515,마음이 흐르는 대로,지나영 ·  다산북스   · 2020.11.23 출시,14,400원
516,시선으로부터?,정세랑 ·  문학동네   · 2020.06.05 출시,12,600원
517,인스타 브레인,안데르스 한센 외 ·  동양북스   · 2020.05.15 출시,13,500원
518,칵테일? 러브? 좀비 (리커버),조예은 ·  안전가옥   · 2020.04.13 출시,9,000원
519,지적 대화를 위한 넓고 얕은 지식 1,채사장 ·  웨일북(whalebooks)   · 2020.02.05 출시,14,400원
520,이방인,알베르 카뮈 외 ·  민음사   · 2019.09.02 출시,9,000원
521,Pachinko (National Book Award Finalist) 애플TV+ 파친코 원작,Lee, Min Jin ·  Grand Central Publishing   · 2017.11.14 출시,12,100원
522,여름은 오래 그곳에 남아,마쓰이에 마사시 외 ·  비채   · 2016.08.19 출시,12,600원
523,정의란 무엇인가,마이클 샌델 외 ·  와이즈베리   · 2014.11.20 출시,13,500원
524,모순,양귀자 ·  쓰다   · 2013.04.01 출시,11,700원
525,나미야 잡화점의 기적,히가시노 게이고 외 ·  현대문학   · 2012.12.19 출시,13,320원
526,오즈의 마법사,L. 프랭크 바움 외 ·  비룡소   · 2012.04.27 출시,10,800원
527,우리글 바로쓰기 1,이오덕 ·  한길사   · 2009.11.30 출시,14,400원
528,빠작 초등 3~4학년 국어 비문학 독해 3단계,동아출판 편집부 ·  동아출판   · 2021.11.05 출시,10,800원
529,다시? 수학이 필요한 순간,김민형 ·  인플루엔셜   · 2020.08.12 출시,16,920원
530,가방 들어주는 아이,고정욱 외 ·  사계절   · 2014.06.30 출시,8,820원
531,The Scent of PAGE : 차량용 방향제 리필,교보문고 ·  교보문고   · 2022.03.18 출시,16,000원
532,당신에게 위로가 되었으면 좋겠습니다,정서아 ·  북크닉   · 2022.10.21 출시,13,680원
533,눈물의 무게,신미선 ·  북인   · 2022.09.08 출시,11,700원
534,두 번째 지구는 없다,타일러 라쉬 ·  알에이치코리아   · 2020.07.15 출시,12,600원
535,스크루테이프의 편지,C. S. 루이스 외 ·  홍성사   · 2018.11.15 출시,9,900원
536,구덩이,루이스 새커 외 ·  창비   · 2013.12.12 출시,12,600원
537,금쪽이들의 진짜 마음속,오은영 ·  오은라이프사이언스   · 2022.05.25 출시,17,820원
538,그냥 하지 말라,송길영 ·  북스톤   · 2021.10.05 출시,15,300원
539,100발100중 중등 수학 2-2 기말고사 기출문제집(2022),에듀원 편집부 ·  에듀원   · 2021.09.13 출시,9,900원
540,순서 파괴,콜린 브라이어 외 ·  다산북스   · 2021.02.26 출시,17,820원
541,더우면 벗으면 되지,요시타케 신스케 외 ·  주니어김영사   · 2021.02.23 출시,10,620원
542,지적 대화를 위한 넓고 얕은 지식 2,채사장 ·  웨일북(whalebooks)   · 2020.02.05 출시,14,400원
543,마플시너지 고등 수학2 내신대비 문제집(2022),임정선 ·  희망에듀   · 2019.09.06 출시,19,800원
544,초등 경선식 영단어 5-6학년&중학대비,경선식 ·  경선식에듀   · 2019.02.01 출시,13,500원
545,뿌리깊은 초등국어 독해력 1단계(초등 1-2학년 대상),마더텅 편집부 ·  마더텅   · 2018.03.05 출시,8,910원
546,와인 사피엔스,김준근 ·  바림   · 2022.09.30 출시,17,820원
547,수상한 지하실,박현숙 외 ·  북멘토   · 2022.09.30 출시,11,700원
548,마더텅 100% 실전대비 MP3 중학영어듣기 24회 모의고사 2학년(2023),마더텅 편집부 ·  마더텅   · 2022.09.26 출시,12,510원
549,매일 만들어 먹고 싶은 식사샐러드,남정석 ·  레시피팩토리   · 2022.09.23 출시,14,940원
550,대도시의 사랑법,박상영 ·  창비   · 2022.09.23 출시,12,600원
551,개념원리 중학 수학 2-1(2023),개념원리 편집부 ·  개념원리   · 2022.09.15 출시,15,300원
552,마음이 흔들려서? 마흔인 걸 알았다,김선호 ·  서사원   · 2022.08.30 출시,14,220원
553,밥 프록터 부의 확신,밥 프록터 외 ·  비즈니스북스   · 2022.07.12 출시,14,400원
554,EBS 만점왕 초등 수학 5-2(2022),EBS교육방송 편집부 ·  EBS한국교육방송공사   · 2022.05.09 출시,12,600원
555,여행영어 10분의 기적,해커스어학연구소 ·  해커스어학연구소   · 2022.02.21 출시,8,820원
556,흔한남매 과학탐험대 3: 인체,이재국 외 ·  주니어김영사   · 2021.11.30 출시,11,520원
557,천일문 기본 문제집(Training Book),김기훈 외 ·  쎄듀   · 2021.10.18 출시,11,700원
558,Do it! 점프 투 파이썬,박응용 ·  이지스퍼블리싱   · 2019.06.20 출시,16,920원
559,떨림과 울림,김상욱 ·  동아시아   · 2018.11.07 출시,13,500원
560,당신이 옳다,정혜신 ·  해냄출판사   · 2018.10.10 출시,14,220원
561,Escape from Mr. Lemoncello's Library,Chris Grabenstein ·  Yearling Books   · 2014.06.24 출시,6,600원
562,Out of My Mind,Draper, Sharon M. ·  Atheneum Books   · 2012.05.01 출시,6,450원
563,차라투스트라는 이렇게 말했다,프리드리히 니체 외 ·  민음사   · 2004.01.02 출시,9,900원
564,10배의 법칙,그랜트 카돈 외 ·  부키   · 2022.04.01(종이책 2022년 03월 30일 출시),12,000원
565,The Scent of PAGE : 미니 룸스프레이 15ml (개선판),교보문고 ·  교보문고   · 2021.08.02 출시,7,500원
566,문제적 상속녀. 2,아로하 ·  동아   · 2022.10.04 출시,3,200원
567,구궐황도. 6,구중탑 ·  엠젯패밀리   · 2022.10.05 출시,2,900원
568,너만 모르는 애정,비애가 ·  골드핑거   · 2022.10.05 출시,1,000원
569,카이스트 미래전략(2023),KAIST 문술미래전략대학원 미래전략연구센터 ·  김영사   · 2022.10.28 출시,22,500원
570,에듀윌 공기업 한국수력원자력 ALL NCS 최최종 봉투모의고사,에듀윌 취업연구소 ·  에듀윌   · 2022.10.19 출시,16,650원
571,코딩 자율학습 나도코딩의 C 언어 입문,나도코딩 ·  길벗   · 2022.10.10 출시,23,400원
572,2022 투자자산운용사 실제유형 모의고사 + 특별부록 PASSCODE Premium ver 1.0,유창호 ·  시대고시기획   · 2022.10.05 출시,44,100원
573,이게 다 호르몬 때문이야,마쓰무라 게이코 외 ·  피카 라이프(FIKA LIFE)   · 2022.09.30 출시,13,500원
574,처음 읽는 그리스 로마 신화 8: 영웅 헤라클레스,최설희 외 ·  미래엔아이세움   · 2022.09.30 출시,12,150원
575,엄마 어디 있지?,박성우 외 ·  창비   · 2022.09.29 출시,13,500원
576,쿠키런 서바이벌 대작전 44: 새로운 모험의 시작 편,김강현 외 ·  서울문화사   · 2022.09.27 출시,10,800원
577,쿠키런 어드벤처 53: 비밀의 땅속 지하 세계 편,송도수 외 ·  서울문화사   · 2022.09.25 출시,10,800원
578,이코노미스트 홍춘욱 투자에도 순서가 있다,홍춘욱 ·  알에이치코리아   · 2022.09.24 출시,16,200원
579,개념원리 중학 수학 3-1(2023),개념원리 편집부 ·  개념원리   · 2022.09.15 출시,15,300원
580,모바일 미래보고서 2023,커넥팅랩 ·  비즈니스북스   · 2022.09.08 출시,16,200원
581,사물의 소멸,한병철 외 ·  김영사   · 2022.09.05 출시,14,220원
582,프렌즈 스페인 포르투갈(2022~2023),박현숙 ·  중앙북스   · 2022.09.01 출시,16,200원
583,열혈강호 86,전극진 외 ·  대원씨아이   · 2022.08.31 출시,4,950원
584,해파리 버스,이수현 외 ·  웅진주니어   · 2022.08.30 출시,13,500원
585,2022 신용한 지방자치론 실전모의고사,신용한 외 ·  메가스터디교육   · 2022.08.28 출시,9,000원
586,쇳밥일지,천현우 ·  문학동네   · 2022.08.23 출시,13,050원
587,트로피컬 나이트,조예은 ·  한겨레출판사   · 2022.08.17 출시,13,500원
588,가짜 노동,데니스 뇌르마르크 외 ·  자음과모음   · 2022.08.08 출시,15,120원
589,숫자로 일하는 법,노현태 ·  인플루엔셜   · 2022.08.08 출시,13,950원
590,일본어 무작정 따라하기(완전판),후지이 아사리 ·  길벗이지톡   · 2022.08.05 출시,23,400원
591,2023 소방안전관리자 2급 기본문제+5개년 기출문제,공하성 ·  성안당   · 2022.08.05 출시,18,000원
592,슬로우 미러클 영어 그림책 느리게 100권 읽기의 힘,고광윤 ·  길벗   · 2022.07.20 출시,26,820원
593,이해원 모의고사 시즌2(2022)(2023 수능대비),이해원 ·  시대인재북스   · 2022.07.18 출시,19,800원
594,에듀윌 공기업 최신판 인국공 인천국제공항공사 NCS 봉투모의고사 3+1회,에듀윌 취업연구소 ·  에듀윌   · 2022.07.15 출시,16,650원
595,2022 하반기 에듀윌 취업 온라인 GSAT 삼성직무적성검사 통합 기본서,에듀윌 취업연구소 ·  에듀윌   · 2022.07.01 출시,20,700원
596,도쿄 큐레이션,이민경 외 ·  진풍경   · 2022.07.01 출시,20,700원
597,개념원리 RPM 고등 수학(하)(2022),이홍섭 ·  개념원리   · 2022.06.28 출시,13,050원
598,해커스 토익 실전 1000제 3 RC Reading(리딩) 토익문제집,해커스 어학연구소 ·  해커스어학연구소   · 2022.06.28 출시,10,710원
599,기획의 정석(20만부 기념 특별판),박신영 ·  세종서적   · 2022.06.26 출시,14,850원
600,윌리엄 오닐 최고의 주식 최적의 타이밍 성공투자 스토리,에이미 스미스 외 ·  페이지2북스   · 2022.06.22 출시,16,200원
601,이해원 모의고사 시즌1(2022)(2023 수능대비)(봉투),이해원 ·  시대인재북스   · 2022.06.13 출시,19,800원
602,2022 해커스 서울교통공사 NCS+전공 봉투모의고사 5+1회,해커스 취업교육연구소 ·  해커스공기업   · 2022.05.31 출시,12,510원
603,한 컷 한국사,조한경 외 ·  해냄에듀   · 2022.05.30 출시,18,000원
604,10일 만에 끝내는 해커스 토익스피킹(토스),해커스 어학연구소 ·  해커스어학연구소   · 2022.05.30 출시,17,010원
605,2022 에듀윌 공인중개사 2차 실전모의고사 10회분,임선정 외 ·  에듀윌   · 2022.05.26 출시,29,700원
606,2022 에듀윌 공인중개사 1차 실전모의고사 10회분,이영방 외 ·  에듀윌   · 2022.05.26 출시,26,100원
607,EBS 수능완성 수학영역 수학1·수학2·미적분(2022)(2023 수능대비),EBS교육방송 편집부 ·  EBS한국교육방송공사   · 2022.05.23 출시,8,820원
608,어른의 문해력,김선영 ·  블랙피쉬   · 2022.05.19 출시,12,600원
609,너의 하늘을 보아,박노해 ·  느린걸음   · 2022.05.13 출시,17,550원
610,2022 에듀윌 공기업 서울교통공사 NCS+전공 봉투모의고사 5+1회,에듀윌 취업연구소 ·  에듀윌   · 2022.05.09 출시,13,500원
611,2022 청소년상담사 2급ㆍ3급 2차 면접대비,문두식 ·  시대고시기획   · 2022.05.04 출시,24,300원
612,파이썬 머신러닝 완벽 가이드,권철민 ·  위키북스   · 2022.04.21 출시,36,000원
613,EBS Final 실전모의고사 고등 과학탐구영역 지구과학1(2022)(2023 수능대비),EBS교육방송 편집부 ·  EBS한국교육방송공사   · 2022.04.21 출시,5,850원
614,지리의 힘 2,팀 마샬 외 ·  사이   · 2022.04.10 출시,20,700원
615,개념원리 RPM 알피엠 중학 수학 1-2(2022),이홍섭 ·  개념원리   · 2022.04.06 출시,14,400원
616,개념원리 중학 수학 2-2(2022),이홍섭 ·  개념원리   · 2022.04.05 출시,15,300원
617,김헌의 그리스 로마 신화,김헌 ·  을유문화사   · 2022.03.30 출시,18,000원
618,2022 위포트 국민건강보험공단 NCS 실전 봉투모의고사4+3회(NCS+ 법률),위포트 연구소 ·  위포트   · 2022.03.17 출시,13,320원
619,그래머 게이트웨이 베이직: 초보를 위한 기초 영문법(Grammar Gateway Basic),David Cho ·  해커스어학연구소   · 2022.02.14 출시,13,410원
620,2022 에듀윌 답만보는 운전면허 필기 1종·2종 공통,도로교통공단 ·  에듀윌   · 2022.02.08 출시,9,900원
621,EBS 수능특강 한국사영역 한국사(2022)(2023 수능대비),EBS교육방송 편집부 ·  EBS한국교육방송공사   · 2022.01.30 출시,6,660원
622,EBS 수능특강 과학탐구영역 지구과학1(2022)(2023 수능대비),EBS교육방송 편집부 ·  EBS한국교육방송공사   · 2022.01.17 출시,6,120원
623,마더텅 수능기출 모의고사 35회 사회 · 문화(2022)(2023 수능대비),마더텅 편집부 ·  마더텅   · 2022.01.12 출시,10,710원
624,2022 에듀윌 한국사능력검정시험 2주끝장 심화,에듀윌 한국사교육연구소 ·  에듀윌   · 2022.01.06 출시,18,900원
625,자이스토리 고등 영어 독해 실전(2022)(2023 수능대비),수경출판사 편집부 ·  수경출판사   · 2022.01.01 출시,16,650원
626,방구석 미술관,조원재 ·  블랙피쉬   · 2021.12.21 출시,15,120원
627,마더텅 수능기출문제집 고등 사회·문화(2022)(2023 수능대비),마더텅 편집부 ·  마더텅   · 2021.12.15 출시,17,910원
628,마더텅 수능기출문제집 생명과학1(2022)(2023 수능대비),마더텅 편집부 ·  마더텅   · 2021.12.10 출시,17,910원
629,쎈 초등 수학 6-2(2022),홍범준 외 ·  좋은책신사고   · 2021.12.07 출시,14,850원
630,웰씽킹(WEALTHINKING),켈리 최 ·  다산북스   · 2021.11.10 출시,14,400원
631,제로 투 원(리커버 에디션),피터 틸 외 ·  한국경제신문   · 2021.10.04 출시,14,400원
632,작별하지 않는다,한강 ·  문학동네   · 2021.09.09 출시,12,600원
633,해커스 토익 실전 1000제 1 RC Reading(리딩) 문제집,해커스 어학연구소 ·  해커스어학연구소   · 2021.09.06 출시,10,710원
634,100발100중 중등 영어 3-2 기말고사 기출문제집(천재 정사열)(2022),에듀원 편집부 ·  에듀원   · 2021.08.24 출시,12,600원
635,100발100중 중등 영어 3-2 기말고사 기출문제집(능률 김성곤)(2022),에듀원 편집부 ·  에듀원   · 2021.08.24 출시,10,800원
636,100발100중 중등 수학 3-2 기말고사 기출문제집(2022),에듀원 편집부 ·  에듀원   · 2021.08.24 출시,9,900원
637,이토록 뜻밖의 뇌과학,리사 팰트먼 배럿 외 ·  더퀘스트   · 2021.08.05 출시,14,400원
638,쎈 중등 수학 3-1(2022),홍범준 외 ·  좋은책신사고   · 2021.07.01 출시,14,400원
639,죽이고 싶은 아이,이꽃님 ·  우리학교   · 2021.06.07 출시,11,250원
640,나는 주식 대신 달러를 산다,박성현 ·  알에이치코리아   · 2021.05.30 출시,14,400원
641,좋은 기업을 넘어 위대한 기업으로(20주년 뉴에디션),짐 콜린스 외 ·  김영사   · 2021.03.22 출시,16,200원
642,무조건 팔리는 카피 단어장,간다 마사노리 외 ·  동양북스   · 2021.03.22 출시,15,750원
643,RADIX LISTENING for the TOEFL iBT Blue Label 2,능률영어교육연구소 ·  NE능률   · 2020.10.01 출시,15,300원
644,모던 자바스크립트 Deep Dive,이웅모 ·  위키북스   · 2020.09.25 출시,40,500원
645,백만장자 시크릿,하브 에커 외 ·  알에이치코리아   · 2020.07.13 출시,14,400원
646,빅터 프랭클의 죽음의 수용소에서,빅터 프랭클 외 ·  청아출판사   · 2020.05.30 출시,11,700원
647,죽음의 수용소에서,빅터 프랭클 외 ·  청아출판사   · 2020.05.30 출시,8,820원
648,스파이 패밀리 2,Tatsuya Endo 외 ·  학산문화사   · 2020.02.25 출시,5,400원
649,뿌리깊은 초등국어 독해력 어휘편 1단계(초등 1-2학년 대상),마더텅 편집부 ·  마더텅   · 2019.12.02 출시,8,910원
650,푸른 사자 와니니 2: 검은 땅의 주인,이현 외 ·  창비   · 2019.08.23 출시,9,720원
651,Word Master 수능 2000,김태희 ·  이투스북   · 2018.10.31 출시,11,700원
652,보카바이블 4.0 세트,허민 ·  스텝업   · 2018.06.12 출시,28,800원
653,뿌리깊은 초등국어 독해력 5단계(초등 5-6학년 대상),마더텅 편집부 ·  마더텅   · 2018.04.09 출시,8,910원
654,생각에 관한 생각,대니얼 카너먼 외 ·  김영사   · 2018.03.30 출시,22,500원
655,EBS 뉴런 중학 수학1(하)(2022),EBS교육방송 편집부 ·  EBS한국교육방송공사   · 2018.01.05 출시,13,050원
656,나는 4시간만 일한다,팀 페리스 외 ·  다른상상   · 2017.10.20 출시,13,320원
657,수력충전 중등 수학1(하)(2021),수경출판사 편집부 ·  수경출판사   · 2017.07.20 출시,9,900원
658,알사탕,백희나 ·  책읽는곰   · 2017.03.25 출시,10,800원
659,달리기를 말할 때 내가 하고 싶은 이야기,무라카미 하루키 외 ·  문학사상   · 2016.12.15 출시,13,050원
660,EBS 50일 고등 수학(하)(2022),EBS 편집부 ·  EBS한국교육방송공사   · 2016.12.15 출시,6,750원
661,EBS 50일 고등 수학(상)(2022),EBS 편집부 ·  EBS한국교육방송공사   · 2016.12.15 출시,6,300원
662,당신 인생의 이야기,테드 창 외 ·  엘리   · 2016.10.19 출시,13,050원
663,미움받을 용기 2,기시미 이치로 외 ·  인플루엔셜   · 2016.05.02 출시,13,410원
664,부자 아빠 가난한 아빠 2,로버트 기요사키 외 ·  민음인   · 2012.11.27 출시,13,500원
665,홍길동전: 춤추는 소매 바람을 따라 휘날리니,류수열 외 ·  나라말   · 2012.03.15 출시,9,900원
666,동물농장,조지 오웰 외 ·  민음사   · 2009.01.07 출시,7,200원
667,플랫폼 비즈니스의 미래,이성열 외 ·  리더스북   · 2022.10.17 출시,19,800원
668,슈퍼 히어로의 똥 닦는 법,안영은 외 ·  책읽는곰   · 2018.04.10 출시,10,800원
669,완자 고등 물리학1(2022),류상호 외 ·  비상교육   · 2018.03.01 출시,18,000원
670,샬롯의 거미줄(Charlotte's Web),롱테일북스 편집부 ·  롱테일북스   · 2015.03.24 출시,5,400원
671,To Kill a Mockingbird,Lee, Harper ·  Grand Central Publishing   · 1988.10.11 출시,5,500원
672,매일성경(개역개정)(2022년 11/12월호),성서유니온선교회 편집부 ·  성서유니온   · 2022.10.06 출시,3,800원
673,어린왕자 마음의 눈으로 보이는 것들 탁상달력(2023),북엔 편집부 ·  북엔   · 2022.09.21 출시,5,880원
674,좋아하는 것을 발견하는 법,이다혜 ·  창비   · 2022.09.02 출시,11,700원
675,혼김치,배양자 ·  조선뉴스프레스   · 2022.08.25 출시,16,200원
676,한 개의 기쁨이 천 개의 슬픔을 이긴다: 삶과 태도에 관하여,조우성 ·  서삼독   · 2022.07.07 출시,13,320원
677,비전공자도 이해할 수 있는 AI 지식,박상길 외 ·  반니   · 2022.03.04 출시,17,820원
678,클라우스 슈밥의 위대한 리셋,클라우스 슈밥 외 ·  메가스터디북스   · 2021.02.01 출시,16,200원
679,아레나 옴므+(2022년 11월호),아레나옴므 편집부 ·  서울문화   · 2022.10.20 출시,8,080원
680,개념원리 RPM 중등 수학 2-1(2023),개념원리 편집부 ·  개념원리   · 2022.09.15 출시,13,500원
681,EBS 만점왕 초등 수학 4-2(2022),EBS교육방송 편집부 ·  EBS한국교육방송공사   · 2022.06.18 출시,12,150원
682,엄마 도감,권정민 외 ·  웅진주니어   · 2021.07.16 출시,11,700원
683,내 아이를 위한 감정코칭,최성애 외 ·  해냄출판사   · 2020.02.15 출시,15,120원
684,주니어 리딩튜터 Level 2,NE능률영어교육연구소 ·  NE능률   · 2019.01.05 출시,10,800원
685,Holes (1999 Newbery Medal Winner),Louis Sachar ·  Yearling Books   · 2000.05.09 출시,5,350원
686,서툰 어른 처방전,박대선 ·  강한별   · 2022.10.12 출시,15,120원
687,그림의 말들,태지원 ·  클랩북스   · 2022.09.21 출시,16,650원
688,과거가 남긴 우울 미래가 보낸 불안,김아라 ·  유노북스   · 2022.08.04 출시,15,300원
689,저만치 혼자서,김훈 ·  문학동네   · 2022.06.01 출시,13,500원
690,너처럼 예쁜 동시? 나태주 동시 따라쓰기,나태주 외 ·  한솔수북   · 2021.09.03 출시,12,600원
691,앵무새 죽이기,하퍼 리 외 ·  열린책들   · 2015.06.30 출시,14,220원
692,한경무크 실버타운 올가이드,문성택 외 ·  한국경제신문   · 2022.10.05 출시,18,000원
693,비즈니스의 미래,야마구치 슈 외 ·  흐름출판   · 2022.09.27 출시,14,400원
694,그림 그리기가 이토록 쉬울 줄이야,이기주 ·  스몰빅라이프   · 2022.07.18 출시,16,200원
695,비비드 패션 연구실(양장본 Hardcover),도미(송닷옴) 외 ·  은행나무   · 2022.07.15 출시,17,550원
696,나를 살게 하는 것들,김창옥 ·  수오서재   · 2022.07.07 출시,14,400원
697,박문호 박사의 빅히스토리 공부,박문호 ·  김영사   · 2022.06.30 출시,22,500원
698,2022 파이팅혼공TV 지게차 운전기능사 필기 한방에 정리,프로듀서 혼공쌤 ·  지식오름   · 2022.01.30 출시,12,600원
699,해커스 토익 실전 1200제 LC Listening 리스닝,해커스어학연구소 ·  해커스어학연구소   · 2021.11.15 출시,16,110원
700,숲속 100층짜리 집,이와이 도시오 외 ·  북뱅크   · 2021.08.25 출시,11,700원
701,5년 후 나에게 Q&A a Day(오로라 Edition),포터 스타일 외 ·  토네이도   · 2021.05.11 출시,15,120원
702,나는 강물처럼 말해요,조던 스콧 외 ·  책읽는곰   · 2021.01.15 출시,11,700원
703,어린이 맞춤법,한날 외 ·  파란정원   · 2019.08.20 출시,10,800원
704,주니어 리딩튜터 Level 4,NE능률영어교육연구소 ·  NE능률   · 2019.01.05 출시,10,800원
705,명상록,마르쿠스 아우렐리우스 외 ·  현대지성   · 2018.04.02 출시,10,800원
706,아픔이 길이 되려면,김승섭 ·  동아시아   · 2017.09.13 출시,16,200원
707,초등 영문법? 문법이 쓰기다 기본 2,키 영어학습방법연구소 ·  키출판사   · 2015.11.11 출시,10,800원
708,MIC ON [미니 12집] [MAIN VER],MAMAMOO(마마무) ·  KAKAO ENTERTAINMENT   · 2022.10.11 출시,17,800원
709,2022 위포트 LG그룹 인적성검사 통합 기본서,위포트 연구소 ·  위포트   · 2021.08.17(종이책 2021년 08월 10일 출시),18,400원
710,2022 하반기 All-New LG그룹 온라인 인적성검사 최신기출유형+모의고사 5회+무료LG특강,SD적성검사연구소 ·  시대고시기획   · 2022.06.30(종이책 2022년 08월 10일 출시),14,700원
711,나의 투자는 새벽 4시에 시작된다,유목민 ·  리더스북   · 2022.04.21(종이책 2022년 04월 15일 출시),13,900원
712,오십의 주역공부,김동완 ·  다산초당   · 2022.05.17(종이책 2022년 05월 11일 출시),12,600원
713,빠르게 실패하기,존 크럼볼츠 외 ·  스노우폭스북스   · 2022.09.26(종이책 2022년 08월 31일 출시),11,550원
714,2022 상반기 All-New SKCT SK 종합역량검사 봉투모의고사 5회분+무료SK특강,SD적성검사연구소 ·  시대고시기획   · 2022.01.04(종이책 2022년 02월 25일 출시),11,200원
715,버린 쓰레기는 다시 줍지 않는다. 1,배고픈밤 ·  에이블   · 2021.07.23 출시,4,100원
716,사랑받는 막내는 처음이라. 2,미래나비 ·  에이블   · 2022.10.06 출시,3,500원
717,재벌집 막내아들. 2,산경(山景) ·  JHS BOOKS   · 2022.03.28 출시,3,000원
718,나의 사랑하는 적들에게. 1,틸다킴 ·  로즈엔   · 2022.09.29 출시,3,000원
719,금동. 8,한청낙화 ·  답인(答人)   · 2022.09.08 출시,3,000원
720,유일한 순정. 2(완결),문수진 ·  봄미디어   · 2022.09.27 출시,3,000원
721,구궐황도. 8,구중탑 ·  엠젯패밀리   · 2022.10.05 출시,2,900원
722,후애. 외전,내설 ·  비욘드   · 2022.09.29 출시,800원
723,배타적 연애금지구역 35화, 서울미디어코믹스(서울문화사)   · 2022.04.18 출시,500원
724,도쿄 에일리언즈 4(더블특장판),NAOE 외 ·  서울미디어코믹스(서울문화사)   · 2022.10.25 출시,4,500원
725,2023 시나공 정보처리기사 필기,김정준 외 ·  길벗   · 2022.10.11 출시,31,500원
726,30개 도시로 읽는 미국사,김봉중 ·  다산초당   · 2022.10.11 출시,16,920원
727,보부아르의 말,시몬 드 보부아르 외 ·  마음산책   · 2022.10.10 출시,14,400원
728,국내 최다 이모티콘 승인 작가 씨엠제이가 알려주는 승인율 99.9% 이모티콘 만들기,씨엠제이(최민정) ·  한빛미디어   · 2022.10.10 출시,13,500원
729,2023 유휘운 행정법총론 진도별 기출문제집(진출),유휘운 ·  메가스터디교육   · 2022.10.07 출시,41,400원
730,착한 아이 버리기,송주현 ·  다다서재   · 2022.10.07 출시,13,500원
731,숲속의 담 5,다홍 ·  에이템포미디어   · 2022.10.05 출시,13,500원
732,해커스 SSAFY (싸피:삼성 청년 SW아카데미) 통합 기본서 SW적성진단+에세이+면접,해커스 취업교육연구소 ·  챔프스터디   · 2022.10.04 출시,20,610원
733,다시? 평화,임동원 ·  폴리티쿠스   · 2022.10.01 출시,27,000원
734,중학 영문법 클리어 Level 2,동아영어콘텐츠연구팀 ·  동아출판   · 2022.09.30 출시,13,050원
735,종합물가정보 세트(2022년 10월호)(통권623호)(전2권),한국물가정보 편집부 ·  한국물가정보   · 2022.09.27 출시,28,500원
736,마더텅 100% 실전대비 MP3 중학영어듣기 24회 모의고사 1학년(2023),마더텅 편집부 ·  마더텅   · 2022.09.26 출시,11,610원
737,월간최신 취업에 강한 에듀윌 시사상식(2022년 10월호),에듀윌 상식연구소 ·  에듀윌   · 2022.09.26 출시,9,000원
738,2023 내 집 마련 가계부,김유라 ·  한국경제신문   · 2022.09.23 출시,10,500원
739,민쩌미 옛날옛쩜,민쩌미  외 ·  대원키즈   · 2022.09.23 출시,11,700원
740,신화의 시대,토머스 불핀치 외 ·  열린책들   · 2022.09.20 출시,19,620원
741,펀자이씨툰 1: 어디로 가세요 펀자이씨?,엄유진 외 ·  문학동네   · 2022.09.20 출시,14,400원
742,전설의 모험왕 엉덩이 댄디 더 영 4: 드래곤을 찾아서!,하루하라 로빈슨 외 ·  미래엔아이세움   · 2022.09.20 출시,12,150원
743,통찰의 시간,신수정 ·  알투스   · 2022.09.19 출시,16,200원
744,백 번 산 고양이 백꼬선생 1,정연철 외 ·  우리학교   · 2022.09.16 출시,11,700원
745,바니타스의 수기 10(특장판),Jun Mochizuki 외 ·  대원씨아이   · 2022.09.16 출시,10,800원
746,2023 갓대환 형사법 기출총정리,갓대환 형사법 연구실 ·  멘토링   · 2022.09.13 출시,72,900원
747,전지적 독자 시점 7,싱숑 외 ·  에이템포미디어   · 2022.09.07 출시,13,500원
748,보테로 가족의 사랑 약국,이선영 ·  클레이하우스   · 2022.09.07 출시,13,500원
749,2023 이동기 영어 유형별 기출문제집,이동기 영어교육연구소 ·  에스티유니타스   · 2022.08.31 출시,39,600원
750,박병창의 돈을 부르는 매매의 심리,박병창 ·  포레스트북스   · 2022.08.31 출시,16,200원
751,해빙 잇 올,존 아사라프 외 ·  부커   · 2022.08.30 출시,14,400원
752,세대 감각,바비 더피 외 ·  어크로스   · 2022.08.29 출시,16,200원
753,Go Go 카카오프렌즈 25: 네덜란드,김미영 외 ·  아울북   · 2022.08.24 출시,13,320원
754,멘탈이 강해지는 연습,데이먼 자하리아데스 외 ·  서삼독   · 2022.08.22 출시,13,500원
755,2023 심우철 문법 풀이 전략서,심우철 ·  심슨북스   · 2022.08.19 출시,13,500원
756,혼자 공부하는 컴퓨터 구조+운영체제,강민철 ·  한빛미디어   · 2022.08.16 출시,25,200원
757,우주시대에 오신 것을 환영합니다,켈리 제라디 외 ·  혜윰터   · 2022.08.15 출시,15,300원
758,자연스러운 인체 드로잉,박경선 ·  동양북스   · 2022.08.12 출시,21,150원
759,2022 하반기 All-New LG그룹 온라인 인적성검사 최신기출유형+모의고사 5회+무료LG특강,SD적성검사연구소 ·  시대고시기획   · 2022.08.10 출시,18,900원
760,내 생각과 관점을 수익화하는 퍼스널 브랜딩,촉촉한마케터(조한솔) ·  초록비책공방   · 2022.08.10 출시,14,400원
761,아무도 지켜보지 않지만 모두가 공연을 한다,비비언 고닉 외 ·  바다출판사   · 2022.08.05 출시,14,400원
762,차이나 쇼크? 한국의 선택,한청훤 ·  사이드웨이   · 2022.08.03 출시,15,300원
763,혼자 시작하는 사주명리 공부,김원 ·  더퀘스트   · 2022.07.29 출시,25,200원
764,오늘은 짠테크 내일은 플렉스,김경필 ·  김영사   · 2022.07.29 출시,15,120원
765,여기는 커스터드? 특별한 도시락을 팝니다,가토 겐 외 ·  필름(Feelm)   · 2022.07.15 출시,13,500원
766,꽁꽁꽁 아이스크림,윤정주 ·  책읽는곰   · 2022.07.15 출시,12,600원
767,해커스공무원 영어 비비안 올인원 영문법(9급 공무원),비비안 ·  해커스공무원   · 2022.07.12 출시,12,600원
768,입지 센스,훨훨(박성혜) ·  다산북스   · 2022.07.11 출시,18,000원
769,EBS 왕초보영어(하)(2022),마스터유진 ·  EBS한국교육방송공사   · 2022.07.07 출시,10,800원
770,해커스 토익 실전 1000제 3 LC Listening(리스닝) 토익문제집,해커스 어학연구소 ·  해커스어학연구소   · 2022.06.28 출시,10,710원
771,유럽 캠핑 30일,안수지 ·  M31(엠31)   · 2022.06.22 출시,16,200원
772,궤도의 과학 허세(리커버),궤도 ·  동아시아   · 2022.06.22 출시,14,400원
773,말의 알고리즘,고은미 외 ·  한밤의책   · 2022.06.20 출시,13,500원
774,스토리만이 살길,리사 크론 외 ·  부키   · 2022.06.17 출시,16,200원
775,흔한남매 과학 탐험대 5: 물리 1,이현진 외 ·  주니어김영사   · 2022.06.16 출시,12,600원
776,세상에서 가장 짧은 한국사,김재원 ·  빅피시   · 2022.06.15 출시,16,020원
777,에그박사 7,박송이 외 ·  미래엔아이세움   · 2022.06.15 출시,13,050원
778,2023 시나공 총정리 컴퓨터활용능력 1급 필기,길벗RD ·  길벗   · 2022.06.13 출시,19,800원
779,참 쉬운  평생 반찬 요리책,노고은 외 ·  아마존북스   · 2022.06.07 출시,19,800원
780,EBS 윤혜정의 패턴의 나비효과(2022),EBS교육방송 편집부 ·  EBS한국교육방송공사   · 2022.06.06 출시,12,600원
781,경매대마왕 반드시 부자 되는 투자의 소신,심태승 ·  국일증권경제연구소   · 2022.05.31 출시,15,300원
782,당신은 사건 현장에 있습니다,모데스토 가르시아 외 ·  중앙북스   · 2022.05.30 출시,25,200원
783,10일 만에 끝내는 해커스 토익스피킹(토스) 스타트,David Cho ·  해커스어학연구소   · 2022.05.30 출시,17,010원
784,경리회계 인사노무 경영지원 실무 설명서,손원준 ·  지식만들기   · 2022.05.23 출시,27,000원
785,미적분의 쓸모,한화택 ·  더퀘스트   · 2022.05.21 출시,17,550원
786,프로세스 이코노미,오바라 가즈히로 외 ·  인플루엔셜   · 2022.05.03 출시,14,400원
787,노이즈: 생각의 잡음,대니얼 카너먼 외 ·  김영사   · 2022.04.29 출시,22,500원
788,브라질에 비가 내리면 스타벅스 주식을 사라,피터 나바로 외 ·  에프엔미디어   · 2022.04.25 출시,16,200원
789,저 별은 모두 당신을 위해 빛나고 있다,손힘찬(오가타 마리토) ·  떠오름(RISE)   · 2022.04.22 출시,13,680원
790,오감 놀이 동요,권오순 외 외 ·  스마트베어   · 2022.04.15 출시,16,650원
791,꽃샘바람에 흔들린다면 너는 꽃,류시화 ·  수오서재   · 2022.04.11 출시,12,150원
792,부동산 절세의 기술,김동우(투에이스) 외 ·  지혜로   · 2022.04.08 출시,17,100원
793,두근두근 편의점,김영진 ·  책읽는곰   · 2022.04.08 출시,12,600원
794,EBS 수능연계완성 4주 특강 고난도 신유형 국어(2022)(2023 수능 대비),EBS교육방송 편집부 ·  EBS한국교육방송공사   · 2022.03.25 출시,11,700원
795,운명을 바꾸는 부동산 투자 수업: 기초편,정태익 ·  리더스북   · 2022.03.22 출시,15,120원
796,탐닉,아니 에르노 외 ·  문학동네   · 2022.03.18 출시,13,950원
797,2022 에듀윌 위험물산업기사 실기 2주끝장,최창률 ·  에듀윌   · 2022.02.14 출시,22,500원
798,해커스 토플 리딩(Hackers TOEFL Reading),David Cho ·  해커스어학연구소   · 2022.02.07 출시,21,510원
799,해커스 텝스 기출 보카(TEPS VOCA),David Cho ·  해커스어학연구소   · 2022.02.07 출시,13,410원
800,박봄의 사회·문화 표 분석의 패턴(2022),박봄 ·  한국교육방송공사(EBSi)   · 2022.02.06 출시,10,800원
801,개념+유형 기초탄탄 라이트 중등 수학 1-2(2022),비상교육 편집부 ·  비상교육   · 2022.02.01 출시,16,200원
802,개념+유형 실력향상 파워 중등 수학 1-2(2022),비상교육 편집부 ·  비상교육   · 2022.02.01 출시,16,200원
803,럭키 드로우,드로우앤드류 ·  다산북스   · 2022.01.25 출시,14,400원
804,고양이 해결사 깜냥 4: 눈썰매장을 씽씽 달려라!,홍민정 외 ·  창비   · 2022.01.21 출시,9,900원
805,EBS 수능특강 수학영역 수학1(2022)(2023 수능대비),EBS교육방송 편집부 ·  EBS한국교육방송공사   · 2022.01.17 출시,5,040원
806,EBS 수능특강 수학영역 수학2(2022)(2023 수능대비),EBS교육방송 편집부 ·  EBS한국교육방송공사   · 2022.01.17 출시,5,040원
807,마더텅 수능기출 모의고사 28회 국어 영역(2022)(2023 수능대비),마더텅 편집부 ·  마더텅   · 2022.01.12 출시,17,910원
808,ETS 토익 정기시험 기출입문서 LC 리스닝,ETS ·  YBM   · 2021.12.13 출시,13,500원
809,해커스 첫토익 LC+RC+VOCA,해커스 어학연구소 ·  해커스어학연구소   · 2021.12.13 출시,13,410원
810,해커스 토익 실전 1000제 RC Reading(리딩) 2 문제집,해커스어학연구소 ·  해커스어학연구소   · 2021.12.13 출시,10,710원
811,딱 2년 안에 무조건 돈 버는 부동산 투자 시크릿,김세희(세빛희) ·  비즈니스북스   · 2021.12.10 출시,15,750원
812,리얼 오리지널 수능기출 6 9 수능 평가원 모의고사 5개년 15회 고3 국어(2022)(2023 대비),입시플라이 편집부 ·  입시플라이   · 2021.12.10 출시,14,000원
813,디딤돌 초등 수학 기본+응용 6-2(2022),디딤돌 편집부 ·  디딤돌   · 2021.11.24 출시,14,400원
814,위풍당당 여우 꼬리 1: 으스스 미션 캠프,손원평 외 ·  창비   · 2021.10.22 출시,10,800원
815,2022 혼잡(JOB) 농협논술 농협상식,석의현 외 ·  커리어빅   · 2021.10.12 출시,21,600원
816,해커스 토익 실전 1000제 LC Listening(리스닝) 2 문제집,해커스어학연구소 ·  해커스어학연구소   · 2021.09.13 출시,10,710원
817,하루 한 장 365 인문학 달력,김종원 외 ·  청림라이프   · 2020.11.30 출시,14,400원
818,지정학의 힘,김동기 ·  아카넷   · 2020.11.18 출시,16,200원
819,어린이라는 세계,김소영 ·  사계절   · 2020.11.16 출시,13,500원
820,홀로서기 심리학(7만 부 기념 스페셜 에디션),라라 E. 필딩 외 ·  메이븐   · 2020.11.09 출시,13,500원
821,EBS 뉴런 중학 역사1(2022),EBS교육방송 편집부 ·  EBS한국교육방송공사   · 2020.10.11 출시,11,700원
822,햇빛초 대나무 숲에 새 글이 올라왔습니다,황지영 외 ·  우리학교   · 2020.08.14 출시,10,800원
823,경제금융용어 700선,한국은행 ·  한국은행   · 2020.08.03 출시,8,000원
824,오싹오싹 당근,애런 레이놀즈 외 ·  주니어RHK   · 2020.06.25 출시,10,800원
825,스파이 패밀리 3,Tatsuya Endo 외 ·  학산문화사   · 2020.05.25 출시,5,400원
826,중학 국어 3-2 평가문제집 (박영목)(2020),박영목 외 14인 ·  천재교육   · 2020.05.01 출시,19,000원
827,최상위 수학 S 초등 6-2(2022),디딤돌 편집부 ·  디딤돌   · 2019.12.24 출시,13,500원
828,뿌리깊은 초등국어 독해력 어휘편 5단계(초등 5-6학년 대상),마더텅 편집부 ·  마더텅   · 2019.12.02 출시,8,910원
829,스파이 패밀리 1,Tatsuya Endo ·  학산문화사   · 2019.11.28 출시,5,400원
830,최상위 수학 S 초등 5-2(2022),디딤돌 편집부 ·  디딤돌   · 2019.11.22 출시,13,500원
831,사랑의 기술,에리히 프롬 외 ·  문예출판사   · 2019.09.01 출시,10,800원
832,쇼코의 미소,최은영 ·  문학동네   · 2019.06.20 출시,10,800원
833,환경과 생태 쫌 아는 10대,최원형 외 ·  풀빛   · 2019.05.20 출시,11,700원
834,나의 월급 독립 프로젝트,유목민 ·  리더스북   · 2019.04.22 출시,16,200원
835,페인트,이희영 ·  창비   · 2019.04.19 출시,10,800원
836,주니어 리딩튜터 Level 1,NE능률영어교육연구소 ·  NE능률   · 2019.01.05 출시,10,800원
837,인스파이어드,마티 케이건 외 ·  제이펍   · 2018.12.28 출시,21,600원
838,종이 동물원,켄 리우 외 ·  황금가지   · 2018.11.29 출시,14,220원
839,하마터면 회계를 모르고 일할 뻔했다!,김수헌 외 ·  어바웃어북   · 2018.11.15 출시,15,120원
840,무기가 되는 스토리,도널드 밀러 외 ·  윌북   · 2018.09.30 출시,13,320원
841,슬픔을 공부하는 슬픔,신형철 ·  한겨레출판사   · 2018.09.22 출시,14,400원
842,참을 수 없는 존재의 가벼움,밀란 쿤데라 외 ·  민음사   · 2018.06.20 출시,13,500원
843,모두 거짓말을 한다,세스 스티븐스 다비도위츠 외 ·  더퀘스트   · 2018.06.17 출시,16,200원
844,공부머리 독서법,최승필 ·  책구루   · 2018.05.03 출시,14,850원
845,도서관을 훔친 아이,알프레도 고메스 세르다 외 ·  풀빛미디어   · 2018.04.05 출시,11,250원
846,채권투자 핵심 노하우,마경환 ·  이레미디어   · 2018.03.30 출시,19,800원
847,엄마의 말하기 연습,박재연 ·  한빛라이프   · 2018.02.26 출시,13,320원
848,백년 목,정선근 ·  사이언스북스   · 2017.11.30 출시,15,750원
849,유형으로 격파하는 Listening TAPA(리스닝타파) Level 3,비상교육 편집부 ·  비상교육   · 2017.10.01 출시,9,900원
850,시끌벅적 정글 사운드북,샘 태플린 외 ·  어스본코리아   · 2017.03.01 출시,14,400원
851,안목,유홍준 ·  눌와   · 2017.01.31 출시,18,000원
852,자존감 수업,윤홍균 ·  심플라이프   · 2016.09.01 출시,12,600원
853,내게 사막은 인생의 지도이다,남영호 외 ·  세종서적   · 2016.08.05 출시,13,500원
854,왜 세계의 절반은 굶주리는가?,장 지글러 외 ·  갈라파고스   · 2016.03.21 출시,11,520원
855,초등 영문법? 문법이 쓰기다 기본 1,키 영어학습방법연구소 ·  키출판사   · 2015.11.11 출시,10,800원
856,유시민의 글쓰기 특강,유시민 ·  생각의길   · 2015.04.10 출시,13,500원
857,노인과 바다,어니스트 헤밍웨이 외 ·  민음사   · 2012.01.02 출시,7,200원
858,1984,조지 오웰 외 ·  민음사   · 2007.03.30 출시,8,550원
859,칼 같은 글쓰기,아니 에르노 외 ·  문학동네   · 2005.10.30 출시,11,700원
860,빨치산의 딸 1,정지아 ·  필맥   · 2005.05.30 출시,8,550원
861,빨치산의 딸 2,정지아 ·  필맥   · 2005.05.30 출시,8,550원
862,젊은 베르테르의 슬픔,요한 볼프강 폰 괴테 외 ·  민음사   · 1999.03.20 출시,7,200원
863,끝날 때까지 끝난 게 아니다,아재글(박순경) ·  마인드셋(Mindset)   · 2022.07.25 출시,13,500원
864,악플 전쟁,이규희 외 ·  별숲   · 2022.05.25 출시,11,700원
865,직장인을 위한 실무 구글 스프레드시트,진은영 ·  길벗   · 2022.05.16 출시,20,700원
866,쓸데없는 생각이 많은 편,이민수 ·  작은책들   · 2021.02.05 출시,10,800원
867,숨은그림찾기: 북적북적 직업탐험,애플비북스 편집부 외 ·  애플비북스   · 2018.04.01 출시,8,100원
868,세계 나라 사전,테즈카 아케미 외 ·  사계절   · 2017.03.03 출시,13,500원
869,어느 날 거위가,전예진 ·  문학과지성사   · 2022.09.30 출시,12,600원
870,나쁜 회사 재무제표,이대훈 ·  베가북스   · 2022.09.29 출시,17,100원
871,진화 인간,방미진 외 ·  위즈덤하우스   · 2022.08.24 출시,11,700원
872,그러니 그대 사라지지 말아라,박노해 ·  느린걸음   · 2010.10.16 출시,16,200원
873,2023 식객 허영만의 세상에서 가장 맛있는 캘린더,미래출판기획 외 ·  가디언   · 2022.10.14 출시,7,920원
874,워드마스터 중등 고난도,박혜란 외 ·  이투스북   · 2022.09.29 출시,12,150원
875,기억을 지워 주는 문방구,조규미 외 ·  살림어린이   · 2022.09.19 출시,11,700원
876,세포충전건강법,심영기 ·  M&C Korea   · 2022.02.08 출시,16,200원
877,1일 1로그 100일 완성 IT 지식,브라이언 W. 커니핸 외 ·  인사이트   · 2021.12.31 출시,18,000원
878,열두 달 세시 풍속 이야기,박혜숙 외 ·  토토북   · 2020.03.20 출시,12,600원
879,샬롯의 거미줄,엘윈 브룩스 화이트 외 ·  시공주니어   · 2018.10.20 출시,9,900원
880,모스크바의 신사,에이모 토울스 외 ·  현대문학   · 2018.06.22 출시,16,200원
881,야밤의 공대생 만화,맹기완 ·  뿌리와이파리   · 2017.07.07 출시,14,400원
882,그 가이드가 집착광공의 품에서 벗어나는 방법. 4,야생꽃 ·  비욘드   · 2022.09.19 출시,3,000원
883,고등 국어 문법(2023),동아출판 편집부 ·  동아출판   · 2022.10.15 출시,13,950원
884,필요한 것만 골라 배우는 모던 C++,페터 고칠링 외 ·  인사이트   · 2022.10.12 출시,39,600원
885,왜그래?가 아니라 괜찮아,박상영 ·  코폴커뮤니케이션   · 2022.10.10 출시,16,200원
886,흔한남매 이상한 나라의 고전 읽기 1: 춘향전 토끼전 옹고집전,최재훈 외 ·  미래엔아이세움   · 2022.06.28 출시,12,600원
887,붉은 무늬 상자,김선영 ·  특별한서재   · 2022.06.07 출시,11,250원
888,사마아,마리 파블렌코 외 ·  동녘   · 2022.01.25 출시,11,700원
889,마더텅 전국연합 학력평가 기출문제집 고1 국어 독서(2022),마더텅 편집부 ·  마더텅   · 2021.10.25 출시,12,510원
890,딥러닝 컴퓨터 비전,송정현 ·  형설미래교육원   · 2021.09.17 출시,20,700원
891,파타고니아? 파도가 칠 때는 서핑을,이본 쉬나드 외 ·  라이팅하우스   · 2020.04.30 출시,17,820원
892,리더스뱅크 Reader's Bank Level 7,이장돌 ·  비상교육   · 2019.12.01 출시,11,700원
893,반짝반짝 별찌,윤미경 외 ·  국민서관   · 2019.10.02 출시,10,800원
894,바쁜 초등학생을 위한 빠른 구구단,강난영 외 ·  이지스에듀   · 2018.05.04 출시,8,100원
895,세상 쉬운 영문법,윤여홍 ·  시간과공간사   · 2022.10.20 출시,17,820원
896,건축설비기사실기(23년대비),조성안 ·  기문사   · 2022.10.15 출시,51,300원
897,틴틴팅클! 특별부록 박스 세트,난 외 ·  중앙북스   · 2022.09.30 출시,31,320원
898,다시 만난 세계: 쩌미문 1,샌드박스스토리 키즈 편집부 ·  샌드박스스토리키즈   · 2022.09.28 출시,13,500원
899,개념 플러스 유형 기본 라이트 초등 수학 5-1(2023),비상교육 편집부 ·  비상교육   · 2022.08.01 출시,14,400원
900,플라스틱 인간,안수민 외 ·  국민서관   · 2022.06.30 출시,12,600원
